"Stkcd","Trddt","Dretwd","Dretnd"
"600028","2023-01-03","0.009174","0.009174"
"600028","2023-01-04","0.002273","0.002273"
"600028","2023-01-05","-0.004535","-0.004535"
"600028","2023-01-06","-0.002278","-0.002278"
"600028","2023-01-09","0.000000","0.000000"
"600028","2023-01-10","-0.002283","-0.002283"
"600028","2023-01-11","0.009153","0.009153"
"600028","2023-01-12","0.006803","0.006803"
"600028","2023-01-13","0.002252","0.002252"
"600028","2023-01-16","0.004494","0.004494"
"600028","2023-01-17","-0.004474","-0.004474"
"600028","2023-01-18","0.004494","0.004494"
"600028","2023-01-19","0.004474","0.004474"
"600028","2023-01-20","0.011136","0.011136"
"600028","2023-01-30","-0.004405","-0.004405"
"600028","2023-01-31","0.000000","0.000000"
"600028","2023-02-01","0.000000","0.000000"
"600028","2023-02-02","0.000000","0.000000"
"600028","2023-02-03","-0.011062","-0.011062"
"600028","2023-02-06","0.004474","0.004474"
"600028","2023-02-07","0.002227","0.002227"
"600028","2023-02-08","0.002222","0.002222"
"600028","2023-02-09","0.000000","0.000000"
"600028","2023-02-10","-0.002217","-0.002217"
"600028","2023-02-13","-0.002222","-0.002222"
"600028","2023-02-14","0.004454","0.004454"
"600028","2023-02-15","0.000000","0.000000"
"600028","2023-02-16","0.000000","0.000000"
"600028","2023-02-17","0.002217","0.002217"
"600028","2023-02-20","0.022124","0.022124"
"600028","2023-02-21","0.015152","0.015152"
"600028","2023-02-22","-0.008529","-0.008529"
"600028","2023-02-23","0.000000","0.000000"
"600028","2023-02-24","-0.004301","-0.004301"
"600028","2023-02-27","-0.004320","-0.004320"
"600028","2023-02-28","0.010846","0.010846"
"600028","2023-03-01","0.019313","0.019313"
"600028","2023-03-02","0.021053","0.021053"
"600028","2023-03-03","0.035052","0.035052"
"600028","2023-03-06","0.015936","0.015936"
"600028","2023-03-07","0.031373","0.031373"
"600028","2023-03-08","0.009506","0.009506"
"600028","2023-03-09","0.000000","0.000000"
"600028","2023-03-10","-0.018832","-0.018832"
"600028","2023-03-13","0.061420","0.061420"
"600028","2023-03-14","-0.001808","-0.001808"
"600028","2023-03-15","0.001812","0.001812"
"600028","2023-03-16","-0.014467","-0.014467"
"600028","2023-03-17","0.042202","0.042202"
"600028","2023-03-20","-0.003521","-0.003521"
"600028","2023-03-21","-0.015901","-0.015901"
"600028","2023-03-22","0.012567","0.012567"
"600028","2023-03-23","0.010638","0.010638"
"600028","2023-03-24","-0.031579","-0.031579"
"600028","2023-03-27","-0.030797","-0.030797"
"600028","2023-03-28","0.039252","0.039252"
"600028","2023-03-29","-0.016187","-0.016187"
"600028","2023-03-30","0.023766","0.023766"
"600028","2023-03-31","0.003571","0.003571"
"600028","2023-04-03","-0.010676","-0.010676"
"600028","2023-04-04","0.041367","0.041367"
"600028","2023-04-06","0.003454","0.003454"
"600028","2023-04-07","-0.017212","-0.017212"
"600028","2023-04-10","0.031524","0.031524"
"600028","2023-04-11","0.018676","0.018676"
"600028","2023-04-12","0.026667","0.026667"
"600028","2023-04-13","-0.014610","-0.014610"
"600028","2023-04-14","0.004942","0.004942"
"600028","2023-04-17","0.040984","0.040984"
"600028","2023-04-18","-0.003150","-0.003150"
"600028","2023-04-19","-0.007899","-0.007899"
"600028","2023-04-20","0.009554","0.009554"
"600028","2023-04-21","-0.014196","-0.014196"
"600028","2023-04-24","0.011200","0.011200"
"600028","2023-04-25","0.033228","0.033228"
"600028","2023-04-26","-0.003063","-0.003063"
"600028","2023-04-27","0.012289","0.012289"
"600028","2023-04-28","0.018209","0.018209"
"600028","2023-05-04","0.000000","0.000000"
"600028","2023-05-05","-0.017884","-0.017884"
"600028","2023-05-08","0.045524","0.045524"
"600028","2023-05-09","-0.011611","-0.011611"
"600028","2023-05-10","-0.049927","-0.049927"
"600028","2023-05-11","-0.021638","-0.021638"
"600028","2023-05-12","0.001580","0.001580"
"600028","2023-05-15","0.006309","0.006309"
"600028","2023-05-16","0.004702","0.004702"
"600028","2023-05-17","0.006240","0.006240"
"600028","2023-05-18","0.021705","0.021705"
"600028","2023-05-19","-0.027314","-0.027314"
"600028","2023-05-22","-0.014041","-0.014041"
"600028","2023-05-23","-0.014241","-0.014241"
"600028","2023-05-24","-0.022472","-0.022472"
"600028","2023-05-25","0.000000","0.000000"
"600028","2023-05-26","0.014778","0.014778"
"600028","2023-05-29","0.053398","0.053398"
"600028","2023-05-30","-0.009217","-0.009217"
"600028","2023-05-31","-0.013953","-0.013953"
"600028","2023-06-01","0.020440","0.020440"
"600028","2023-06-02","0.000000","0.000000"
"600028","2023-06-05","0.012327","0.012327"
"600028","2023-06-06","-0.003044","-0.003044"
"600028","2023-06-07","-0.001527","-0.001527"
"600028","2023-06-08","0.019878","0.019878"
"600028","2023-06-09","0.016492","0.016492"
"600028","2023-06-12","-0.023599","-0.023599"
"600028","2023-06-13","-0.007553","-0.007553"
"600028","2023-06-14","0.001522","0.001522"
"600028","2023-06-15","-0.009119","-0.009119"
"600028","2023-06-16","-0.001534","-0.001534"
"600028","2023-06-19","-0.004608","-0.004608"
"600028","2023-06-20","-0.024691","-0.024691"
"600028","2023-06-21","0.013449","-0.017406"
"600028","2023-06-26","-0.022544","-0.022544"
"600028","2023-06-27","0.024712","0.024712"
"600028","2023-06-28","0.016077","0.016077"
"600028","2023-06-29","-0.003165","-0.003165"
"600028","2023-06-30","0.009524","0.009524"
"600028","2023-07-03","0.026730","0.026730"
"600028","2023-07-04","-0.004594","-0.004594"
"600028","2023-07-05","-0.003077","-0.003077"
"600028","2023-07-06","0.001543","0.001543"
"600028","2023-07-07","0.009245","0.009245"
"600028","2023-07-10","-0.016794","-0.016794"
"600028","2023-07-11","0.001553","0.001553"
"600028","2023-07-12","0.004651","0.004651"
"600028","2023-07-13","0.026235","0.026235"
"600028","2023-07-14","0.001504","0.001504"
"600028","2023-07-17","-0.015015","-0.015015"
"600028","2023-07-18","-0.010671","-0.010671"
"600028","2023-07-19","0.006163","0.006163"
"600028","2023-07-20","-0.024502","-0.024502"
"600028","2023-07-21","-0.001570","-0.001570"
"600028","2023-07-24","0.000000","0.000000"
"600028","2023-07-25","0.015723","0.015723"
"600028","2023-07-26","-0.029412","-0.029412"
"600028","2023-07-27","-0.006380","-0.006380"
"600028","2023-07-28","0.004815","0.004815"
"600028","2023-07-31","-0.009585","-0.009585"
"600028","2023-08-01","0.011290","0.011290"
"600028","2023-08-02","-0.038278","-0.038278"
"600028","2023-08-03","-0.006633","-0.006633"
"600028","2023-08-04","0.010017","0.010017"
"600028","2023-08-07","0.013223","0.013223"
"600028","2023-08-08","0.003263","0.003263"
"600028","2023-08-09","-0.003252","-0.003252"
"600028","2023-08-10","0.011419","0.011419"
"600028","2023-08-11","-0.019355","-0.019355"
"600028","2023-08-14","0.003289","0.003289"
"600028","2023-08-15","0.011475","0.011475"
"600028","2023-08-16","-0.016207","-0.016207"
"600028","2023-08-17","0.008237","0.008237"
"600028","2023-08-18","-0.008170","-0.008170"
"600028","2023-08-21","-0.004942","-0.004942"
"600028","2023-08-22","0.026490","0.026490"
"600028","2023-08-23","-0.001613","-0.001613"
"600028","2023-08-24","-0.008078","-0.008078"
"600028","2023-08-25","0.003257","0.003257"
"600028","2023-08-28","0.006494","0.006494"
"600028","2023-08-29","-0.016129","-0.016129"
"600028","2023-08-30","-0.003279","-0.003279"
"600028","2023-08-31","-0.001645","-0.001645"
"600028","2023-09-01","0.006590","0.006590"
"600028","2023-09-04","0.031097","0.031097"
"600028","2023-09-05","0.006349","0.006349"
"600028","2023-09-06","-0.004732","-0.004732"
"600028","2023-09-07","0.000000","0.000000"
"600028","2023-09-08","-0.012678","-0.012678"
"600028","2023-09-11","0.004815","0.004815"
"600028","2023-09-12","0.001597","0.001597"
"600028","2023-09-13","0.003190","0.003190"
"600028","2023-09-14","0.006359","0.006359"
"600028","2023-09-15","-0.015008","-0.037915"
"600028","2023-09-18","-0.013136","-0.013136"
"600028","2023-09-19","0.023295","0.023295"
"600028","2023-09-20","-0.001626","-0.001626"
"600028","2023-09-21","-0.003257","-0.003257"
"600028","2023-09-22","0.019608","0.019608"
"600028","2023-09-25","-0.016026","-0.016026"
"600028","2023-09-26","-0.004886","-0.004886"
"600028","2023-09-27","0.008183","0.008183"
"600028","2023-09-28","-0.014610","-0.014610"
"600028","2023-10-09","-0.001647","-0.001647"
"600028","2023-10-10","-0.021452","-0.021452"
"600028","2023-10-11","-0.021922","-0.021922"
"600028","2023-10-12","0.003448","0.003448"
"600028","2023-10-13","0.005155","0.005155"
"600028","2023-10-16","0.001709","0.001709"
"600028","2023-10-17","0.008532","0.008532"
"600028","2023-10-18","-0.001692","-0.001692"
"600028","2023-10-19","-0.022034","-0.022034"
"600028","2023-10-20","-0.013865","-0.013865"
"600028","2023-10-23","-0.019332","-0.019332"
"600028","2023-10-24","0.005376","0.005376"
"600028","2023-10-25","-0.023173","-0.023173"
"600028","2023-10-26","0.014599","0.014599"
"600028","2023-10-27","0.007194","0.007194"
"600028","2023-10-30","-0.037500","-0.037500"
"600028","2023-10-31","0.012987","0.012987"
"600028","2023-11-01","0.001832","0.001832"
"600028","2023-11-02","0.010969","0.010969"
"600028","2023-11-03","-0.003617","-0.003617"
"600028","2023-11-06","-0.025408","-0.025408"
"600028","2023-11-07","0.000000","0.000000"
"600028","2023-11-08","-0.011173","-0.011173"
"600028","2023-11-09","0.016949","0.016949"
"600028","2023-11-10","0.001852","0.001852"
"600028","2023-11-13","0.014787","0.014787"
"600028","2023-11-14","-0.009107","-0.009107"
"600028","2023-11-15","0.016544","0.016544"
"600028","2023-11-16","-0.009042","-0.009042"
"600028","2023-11-17","-0.007299","-0.007299"
"600028","2023-11-20","0.009191","0.009191"
"600028","2023-11-21","0.001821","0.001821"
"600028","2023-11-22","-0.005455","-0.005455"
"600028","2023-11-23","0.000000","0.000000"
"600028","2023-11-24","0.001828","0.001828"
"600028","2023-11-27","-0.007299","-0.007299"
"600028","2023-11-28","0.003676","0.003676"
"600028","2023-11-29","-0.010989","-0.010989"
"600028","2023-11-30","0.012963","0.012963"
"600028","2023-12-01","-0.005484","-0.005484"
"600028","2023-12-04","0.007353","0.007353"
"600028","2023-12-05","-0.018248","-0.018248"
"600028","2023-12-06","0.001859","0.001859"
"600028","2023-12-07","-0.005566","-0.005566"
"600028","2023-12-08","0.020522","0.020522"
"600028","2023-12-11","-0.020110","-0.020110"
"600028","2023-12-12","0.009328","0.009328"
"600028","2023-12-13","-0.016636","-0.016636"
"600028","2023-12-14","-0.005639","-0.005639"
"600028","2023-12-15","-0.007561","-0.007561"
"600028","2023-12-18","0.007619","0.007619"
"600028","2023-12-19","0.000000","0.000000"
"600028","2023-12-20","-0.001890","-0.001890"
"600028","2023-12-21","-0.007576","-0.007576"
"600028","2023-12-22","0.020992","0.020992"
"600028","2023-12-25","0.007477","0.007477"
"600028","2023-12-26","0.001855","0.001855"
"600028","2023-12-27","0.022222","0.022222"
"600028","2023-12-28","-0.009058","-0.009058"
"600028","2023-12-29","0.020110","0.020110"
"600028","2024-01-02","0.007168","0.007168"
"600028","2024-01-03","0.016014","0.016014"
"600028","2024-01-04","-0.003503","-0.003503"
"600028","2024-01-05","-0.012302","-0.012302"
"600028","2024-01-08","-0.008897","-0.008897"
"600028","2024-01-09","0.001795","0.001795"
"600028","2024-01-10","-0.014337","-0.014337"
"600028","2024-01-11","-0.025455","-0.025455"
"600028","2024-01-12","0.001866","0.001866"
"600028","2024-01-15","0.009311","0.009311"
"600028","2024-01-16","0.001845","0.001845"
"600028","2024-01-17","-0.012891","-0.012891"
"600028","2024-01-18","-0.009328","-0.009328"
"600028","2024-01-19","0.007533","0.007533"
"600028","2024-01-22","-0.011215","-0.011215"
"600028","2024-01-23","-0.001890","-0.001890"
"600028","2024-01-24","0.034091","0.034091"
"600028","2024-01-25","0.078755","0.078755"
"600028","2024-01-26","-0.011885","-0.011885"
"600028","2024-01-29","0.018900","0.018900"
"600028","2024-01-30","0.000000","0.000000"
"600028","2024-01-31","0.005059","0.005059"
"600028","2024-02-01","-0.018456","-0.018456"
"600028","2024-02-02","0.006838","0.006838"
"600028","2024-02-05","0.022071","0.022071"
"600028","2024-02-06","-0.008306","-0.008306"
"600028","2024-02-07","0.008375","0.008375"
"600028","2024-02-08","-0.004983","-0.004983"
"600028","2024-02-19","0.048414","0.048414"
"600028","2024-02-20","-0.004777","-0.004777"
"600028","2024-02-21","0.000000","0.000000"
"600028","2024-02-22","0.027200","0.027200"
"600028","2024-02-23","-0.007788","-0.007788"
"600028","2024-02-26","-0.017268","-0.017268"
"600028","2024-02-27","-0.001597","-0.001597"
"600028","2024-02-28","-0.009600","-0.009600"
"600028","2024-02-29","0.009693","0.009693"
"600028","2024-03-01","-0.008000","-0.008000"
"600028","2024-03-04","0.022581","0.022581"
"600028","2024-03-05","0.007886","0.007886"
"600028","2024-03-06","-0.001565","-0.001565"
"600028","2024-03-07","0.007837","0.007837"
"600028","2024-03-08","0.004666","0.004666"
"600028","2024-03-11","-0.015480","-0.015480"
"600028","2024-03-12","-0.036164","-0.036164"
"600028","2024-03-13","0.003263","0.003263"
"600028","2024-03-14","0.011382","0.011382"
"600028","2024-03-15","-0.003215","-0.003215"
"600028","2024-03-18","0.000000","0.000000"
"600028","2024-03-19","-0.008065","-0.008065"
"600028","2024-03-20","0.014634","0.014634"
"600028","2024-03-21","0.001603","0.001603"
"600028","2024-03-22","-0.008000","-0.008000"
"600028","2024-03-25","0.004839","0.004839"
"600028","2024-03-26","-0.004815","-0.004815"
"600028","2024-03-27","0.003226","0.003226"
"600028","2024-03-28","0.000000","0.000000"
"600028","2024-03-29","0.027331","0.027331"
"600028","2024-04-01","-0.004695","-0.004695"
"600028","2024-04-02","0.017296","0.017296"
"600028","2024-04-03","0.004637","0.004637"
"600028","2024-04-08","0.001538","0.001538"
"600028","2024-04-09","-0.027650","-0.027650"
"600028","2024-04-10","0.004739","0.004739"
"600028","2024-04-11","0.003145","0.003145"
"600028","2024-04-12","0.000000","0.000000"
"600028","2024-04-15","0.042320","0.042320"
"600028","2024-04-16","0.004511","0.004511"
"600028","2024-04-17","-0.005988","-0.005988"
"600028","2024-04-18","-0.015060","-0.015060"
"600028","2024-04-19","0.019878","0.019878"
"600028","2024-04-22","-0.025487","-0.025487"
"600028","2024-04-23","-0.012308","-0.012308"
"600028","2024-04-24","0.010903","0.010903"
"600028","2024-04-25","0.007704","0.007704"
"600028","2024-04-26","0.000000","0.000000"
"600028","2024-04-29","-0.042813","-0.042813"
"600028","2024-04-30","0.014377","0.014377"
"600028","2024-05-06","-0.004724","-0.004724"
"600028","2024-05-07","0.007911","0.007911"
"600028","2024-05-08","0.007849","0.007849"
"600028","2024-05-09","-0.004673","-0.004673"
"600028","2024-05-10","0.001565","0.001565"
"600028","2024-05-13","-0.001563","-0.001563"
"600028","2024-05-14","-0.003130","-0.003130"
"600028","2024-05-15","-0.006279","-0.006279"
"600028","2024-05-16","-0.004739","-0.004739"
"600028","2024-05-17","0.006349","0.006349"
"600028","2024-05-20","0.011041","0.011041"
"600028","2024-05-21","-0.007800","-0.007800"
"600028","2024-05-22","0.007862","0.007862"
"600028","2024-05-23","-0.006240","-0.006240"
"600028","2024-05-24","0.007849","0.007849"
"600028","2024-05-27","0.014019","0.014019"
"600028","2024-05-28","0.012289","0.012289"
"600028","2024-05-29","0.004552","0.004552"
"600028","2024-05-30","-0.012085","-0.012085"
"600028","2024-05-31","-0.013761","-0.013761"
"600028","2024-06-03","-0.007752","-0.007752"
"600028","2024-06-04","-0.010938","-0.010938"
"600028","2024-06-05","-0.011058","-0.011058"
"600028","2024-06-06","0.011182","0.011182"
"600028","2024-06-07","-0.006319","-0.006319"
"600028","2024-06-11","-0.017488","-0.017488"
"600028","2024-06-12","0.006472","0.006472"
"600028","2024-06-13","-0.012862","-0.012862"
"600028","2024-06-14","0.001629","0.001629"
"600028","2024-06-17","-0.026016","-0.026016"
"600028","2024-06-18","0.005008","0.005008"
"600028","2024-06-19","0.008306","0.008306"
"600028","2024-06-20","0.016474","0.016474"
"600028","2024-06-21","-0.004862","-0.004862"
"600028","2024-06-24","-0.001629","-0.001629"
"600028","2024-06-25","-0.003263","-0.003263"
"600028","2024-06-26","0.006547","0.006547"
"600028","2024-06-27","0.001626","0.001626"
"600028","2024-06-28","0.025974","0.025974"
"600028","2024-07-01","0.011076","0.011076"
"600028","2024-07-02","0.009390","0.009390"
"600028","2024-07-03","-0.003101","-0.003101"
"600028","2024-07-04","0.012442","0.012442"
"600028","2024-07-05","-0.012289","-0.012289"
"600028","2024-07-08","0.010886","0.010886"
"600028","2024-07-09","0.006154","0.006154"
"600028","2024-07-10","-0.018349","-0.018349"
"600028","2024-07-11","0.000000","0.000000"
"600028","2024-07-12","-0.003115","-0.003115"
"600028","2024-07-15","0.023438","0.023438"
"600028","2024-07-16","0.021374","-0.009161"
"600028","2024-07-17","-0.009245","-0.009245"
"600028","2024-07-18","0.013997","0.013997"
"600028","2024-07-19","-0.003067","-0.003067"
"600028","2024-07-22","-0.012308","-0.012308"
"600028","2024-07-23","0.001558","0.001558"
"600028","2024-07-24","0.035770","0.035770"
"600028","2024-07-25","-0.001502","-0.001502"
"600028","2024-07-26","-0.010526","-0.010526"
"600028","2024-07-29","0.018237","0.018237"
"600028","2024-07-30","-0.034328","-0.034328"
"600028","2024-07-31","0.003091","0.003091"
"600028","2024-08-01","0.010786","0.010786"
"600028","2024-08-02","0.004573","0.004573"
"600028","2024-08-05","-0.022762","-0.022762"
"600028","2024-08-06","0.000000","0.000000"
"600028","2024-08-07","0.012422","0.012422"
"600028","2024-08-08","-0.003067","-0.003067"
"600028","2024-08-09","0.009231","0.009231"
"600028","2024-08-12","0.001524","0.001524"
"600028","2024-08-13","0.010654","0.010654"
"600028","2024-08-14","0.001506","0.001506"
"600028","2024-08-15","0.006015","0.006015"
"600028","2024-08-16","-0.001495","-0.001495"
"600028","2024-08-19","0.005988","0.005988"
"600028","2024-08-20","-0.008929","-0.008929"
"600028","2024-08-21","0.001502","0.001502"
"600028","2024-08-22","0.010495","0.010495"
"600028","2024-08-23","0.011869","0.011869"
"600028","2024-08-26","0.010264","0.010264"
"600028","2024-08-27","0.042090","0.042090"
"600028","2024-08-28","-0.011142","-0.011142"
"600028","2024-08-29","-0.032394","-0.032394"
"600028","2024-08-30","-0.008734","-0.008734"
"600028","2024-09-02","0.023495","0.023495"
"600028","2024-09-03","-0.043042","-0.043042"
"600028","2024-09-04","-0.011994","-0.011994"
"600028","2024-09-05","-0.006070","-0.006070"
"600028","2024-09-06","0.007634","0.007634"
"600028","2024-09-09","-0.033333","-0.033333"
"600028","2024-09-10","0.018809","0.018809"
"600028","2024-09-11","-0.030769","-0.030769"
"600028","2024-09-12","0.004762","0.004762"
"600028","2024-09-13","0.000947","-0.022117"
"600028","2024-09-18","0.032310","0.032310"
"600028","2024-09-19","-0.010955","-0.010955"
"600028","2024-09-20","0.009494","0.009494"
"600028","2024-09-23","0.015674","0.015674"
"600028","2024-09-24","0.043210","0.043210"
"600028","2024-09-25","-0.005917","-0.005917"
"600028","2024-09-26","0.004464","0.004464"
"600028","2024-09-27","-0.013333","-0.013333"
"600028","2024-09-30","0.045045","0.045045"
"600028","2024-10-08","0.008621","0.008621"
"600028","2024-10-09","-0.062678","-0.062678"
"600028","2024-10-10","0.045593","0.045593"
"600028","2024-10-11","-0.018895","-0.018895"
"600028","2024-10-14","0.007407","0.007407"
"600028","2024-10-15","-0.029412","-0.029412"
"600028","2024-10-16","-0.001515","-0.001515"
"600028","2024-10-17","-0.013657","-0.013657"
"600028","2024-10-18","0.010769","0.010769"
"600028","2024-10-21","-0.003044","-0.003044"
"600028","2024-10-22","0.007634","0.007634"
"600028","2024-10-23","-0.001515","-0.001515"
"600028","2024-10-24","-0.015175","-0.015175"
"600028","2024-10-25","-0.006163","-0.006163"
"600028","2024-10-28","-0.001550","-0.001550"
"600028","2024-10-29","-0.032609","-0.032609"
"600028","2024-10-30","-0.006421","-0.006421"
"600028","2024-10-31","-0.001616","-0.001616"
"600028","2024-11-01","0.016181","0.016181"
"600028","2024-11-04","-0.006369","-0.006369"
"600028","2024-11-05","0.006410","0.006410"
"600028","2024-11-06","0.000000","0.000000"
"600028","2024-11-07","0.015924","0.015924"
"600028","2024-11-08","-0.007837","-0.007837"
"600028","2024-11-11","-0.015798","-0.015798"
"600028","2024-11-12","-0.008026","-0.008026"
"600028","2024-11-13","0.009709","0.009709"
"600028","2024-11-14","0.004808","0.004808"
"600028","2024-11-15","0.007974","0.007974"
"600028","2024-11-18","0.006329","0.006329"
"600028","2024-11-19","-0.011006","-0.011006"
"600028","2024-11-20","0.007949","0.007949"
"600028","2024-11-21","-0.001577","-0.001577"
"600028","2024-11-22","-0.009479","-0.009479"
"600028","2024-11-25","0.009569","0.009569"
"600028","2024-11-26","0.004739","0.004739"
"600028","2024-11-27","0.003145","0.003145"
"600028","2024-11-28","0.003135","0.003135"
"600028","2024-11-29","-0.006250","-0.006250"
"600028","2024-12-02","-0.007862","-0.007862"
"600028","2024-12-03","0.006339","0.006339"
"600028","2024-12-04","0.020472","0.020472"
"600028","2024-12-05","-0.013889","-0.013889"
"600028","2024-12-06","0.003130","0.003130"
"600028","2024-12-09","0.009360","0.009360"
"600028","2024-12-10","-0.004637","-0.004637"
"600028","2024-12-11","0.000000","0.000000"
"600028","2024-12-12","0.003106","0.003106"
"600028","2024-12-13","-0.015480","-0.015480"
"600028","2024-12-16","0.014151","0.014151"
"600028","2024-12-17","-0.001550","-0.001550"
"600028","2024-12-18","0.010870","0.010870"
"600028","2024-12-19","-0.007680","-0.007680"
"600028","2024-12-20","-0.012384","-0.012384"
"600028","2024-12-23","0.025078","0.025078"
"600028","2024-12-24","0.010703","0.010703"
"600028","2024-12-25","0.022693","0.022693"
"600028","2024-12-26","-0.013314","-0.013314"
"600028","2024-12-27","-0.002999","-0.002999"
"600028","2024-12-30","0.010526","0.010526"
"600028","2024-12-31","-0.005952","-0.005952"
"600028","2025-01-02","-0.017964","-0.017964"
"600028","2025-01-03","0.001524","0.001524"
"600028","2025-01-06","-0.001522","-0.001522"
"600028","2025-01-07","-0.004573","-0.004573"
"600028","2025-01-08","0.007657","0.007657"
"600028","2025-01-09","-0.025836","-0.025836"
"600028","2025-01-10","-0.018721","-0.018721"
"600028","2025-01-13","-0.012719","-0.012719"
"600028","2025-01-14","0.008052","0.008052"
"600028","2025-01-15","0.000000","0.000000"
"600028","2025-01-16","0.003195","0.003195"
"600028","2025-01-17","-0.009554","-0.009554"
"600028","2025-01-20","-0.008039","-0.008039"
"600028","2025-01-21","-0.016207","-0.016207"
"600028","2025-01-22","-0.011532","-0.011532"
"600028","2025-01-23","0.005000","0.005000"
"600028","2025-01-24","0.001658","0.001658"
"600028","2025-01-27","0.006623","0.006623"
"600028","2025-02-05","-0.009868","-0.009868"
"600028","2025-02-06","0.011628","0.011628"
"600028","2025-02-07","0.003284","0.003284"
"600028","2025-02-10","0.000000","0.000000"
"600028","2025-02-11","0.000000","0.000000"
"600028","2025-02-12","-0.001637","-0.001637"
"600028","2025-02-13","-0.004918","-0.004918"
"600028","2025-02-14","0.000000","0.000000"
"600028","2025-02-17","-0.004942","-0.004942"
"600028","2025-02-18","-0.004967","-0.004967"
"600028","2025-02-19","-0.014975","-0.014975"
"600028","2025-02-20","-0.001689","-0.001689"
"600028","2025-02-21","0.000000","0.000000"
"600028","2025-02-24","-0.005076","-0.005076"
"600028","2025-02-25","-0.010204","-0.010204"
"600028","2025-02-26","-0.005155","-0.005155"
"600028","2025-02-27","0.008636","0.008636"
"600028","2025-02-28","-0.010274","-0.010274"
"600028","2025-03-03","-0.006920","-0.006920"
"600028","2025-03-04","-0.013937","-0.013937"
"600028","2025-03-05","0.003534","0.003534"
"600028","2025-03-06","0.001761","0.001761"
"600028","2025-03-07","0.007030","0.007030"
"600028","2025-03-10","-0.006981","-0.006981"
"600028","2025-03-11","0.001757","0.001757"
"600028","2025-03-12","-0.007018","-0.007018"
"600028","2025-03-13","0.012367","0.012367"
"600028","2025-03-14","0.012216","0.012216"
"600028","2025-03-17","0.008621","0.008621"
"600028","2025-03-18","-0.005128","-0.005128"
"600028","2025-03-19","0.005155","0.005155"
"600028","2025-03-20","0.001709","0.001709"
"600028","2025-03-21","-0.008532","-0.008532"
"600028","2025-03-24","-0.013769","-0.013769"
"600028","2025-03-25","0.006981","0.006981"
"600028","2025-03-26","-0.001733","-0.001733"
"600028","2025-03-27","0.012153","0.012153"
"600028","2025-03-28","-0.010292","-0.010292"
"600028","2025-03-31","-0.006932","-0.006932"
"600028","2025-04-01","0.000000","0.000000"
"600028","2025-04-02","0.003490","0.003490"
"600028","2025-04-03","0.005217","0.005217"
"600028","2025-04-07","-0.069204","-0.069204"
"600028","2025-04-08","0.053903","0.053903"
"600028","2025-04-09","-0.007055","-0.007055"
"600028","2025-04-10","-0.007105","-0.007105"
"600028","2025-04-11","-0.005367","-0.005367"
"600028","2025-04-14","0.008993","0.008993"
"600028","2025-04-15","0.007130","0.007130"
"600028","2025-04-16","0.014159","0.014159"
"600028","2025-04-17","0.000000","0.000000"
"600028","2025-04-18","0.000000","0.000000"
"600028","2025-04-21","-0.012216","-0.012216"
"600028","2025-04-22","0.005300","0.005300"
"600028","2025-04-23","-0.001757","-0.001757"
"600028","2025-04-24","0.003521","0.003521"
"600028","2025-04-25","-0.003509","-0.003509"
"600028","2025-04-28","0.005282","0.005282"
"600028","2025-04-29","-0.014011","-0.014011"
"600028","2025-04-30","0.005329","0.005329"
"600028","2025-05-06","-0.003534","-0.003534"
"600028","2025-05-07","0.012411","0.012411"
"600028","2025-05-08","-0.003503","-0.003503"
"600028","2025-05-09","0.000000","0.000000"
"600028","2025-05-12","0.001757","0.001757"
"600028","2025-05-13","0.005263","0.005263"
"600028","2025-05-14","0.017452","0.017452"
"600028","2025-05-15","-0.008576","-0.008576"
"600028","2025-05-16","-0.020761","-0.020761"
"600028","2025-05-19","0.003534","0.003534"
"600028","2025-05-20","-0.001761","-0.001761"
"600028","2025-05-21","0.007055","0.007055"
"600028","2025-05-22","0.012259","0.012259"
"600028","2025-05-23","-0.015571","-0.015571"
"600028","2025-05-26","-0.001757","-0.001757"
"600028","2025-05-27","0.000000","0.000000"
"600028","2025-05-28","0.019366","0.019366"
"600028","2025-05-29","-0.010363","-0.010363"
"600028","2025-05-30","0.008726","0.008726"
"600028","2025-06-03","-0.005190","-0.005190"
"600028","2025-06-04","0.001739","0.001739"
"600028","2025-06-05","-0.006944","-0.006944"
"600028","2025-06-06","0.005245","0.005245"
"600028","2025-06-09","0.001739","0.001739"
"600028","2025-06-10","-0.001736","-0.001736"
"600028","2025-06-11","0.020870","0.020870"
"600028","2025-06-12","0.003407","0.003407"
"600028","2025-06-13","0.006791","0.006791"
"600028","2025-06-16","-0.003373","-0.003373"
"600028","2025-06-17","0.008460","0.008460"
"600028","2025-06-18","-0.010068","-0.033558"
"600028","2025-06-19","0.013889","0.013889"
"600028","2025-06-20","-0.015411","-0.015411"
"600028","2025-06-23","-0.006957","-0.006957"
"600028","2025-06-24","-0.007005","-0.007005"
"600028","2025-06-25","0.001764","0.001764"
"600028","2025-06-26","0.005282","0.005282"
"600028","2025-06-27","-0.008757","-0.008757"
"600028","2025-06-30","-0.003534","-0.003534"
"600028","2025-07-01","0.003546","0.003546"
"600028","2025-07-02","0.005300","0.005300"
"600028","2025-07-03","-0.005272","-0.005272"
"600028","2025-07-04","0.003534","0.003534"
"600028","2025-07-07","-0.005282","-0.005282"
"600028","2025-07-08","0.005310","0.005310"
"600028","2025-07-09","0.000000","0.000000"
"600028","2025-07-10","0.014085","0.014085"
"600028","2025-07-11","-0.008681","-0.008681"
"600028","2025-07-14","0.010508","0.010508"
"600028","2025-07-15","-0.001733","-0.001733"
"600028","2025-07-16","0.000000","0.000000"
"600028","2025-07-17","-0.005208","-0.005208"
"600028","2025-07-18","0.015707","0.015707"
"600028","2025-07-21","0.017182","0.017182"
"600028","2025-07-22","0.018581","0.018581"
"600028","2025-07-23","-0.001658","-0.001658"
"600028","2025-07-24","-0.006645","-0.006645"
"600028","2025-07-25","-0.003344","-0.003344"
"600028","2025-07-28","-0.013423","-0.013423"
"600028","2025-07-29","0.003401","0.003401"
"600028","2025-07-30","0.018644","0.018644"
"600028","2025-07-31","0.000000","0.000000"
"600028","2025-08-01","-0.053245","-0.053245"
"600028","2025-08-04","-0.007030","-0.007030"
"600028","2025-08-05","0.010619","0.010619"
"600028","2025-08-06","0.000000","0.000000"
"600028","2025-08-07","0.003503","0.003503"
"600028","2025-08-08","0.001745","0.001745"
"600028","2025-08-11","-0.010453","-0.010453"
"600028","2025-08-12","0.014085","0.014085"
"600028","2025-08-13","-0.006944","-0.006944"
"600028","2025-08-14","-0.005245","-0.005245"
"600028","2025-08-15","-0.001757","-0.001757"
"600028","2025-08-18","0.000000","0.000000"
"600028","2025-08-19","-0.001761","-0.001761"
"600028","2025-08-20","0.008818","0.008818"
"600028","2025-08-21","0.024476","0.024476"
"600028","2025-08-22","-0.005119","-0.005119"
"600028","2025-08-25","0.001715","0.001715"
"600028","2025-08-26","-0.003425","-0.003425"
"600028","2025-08-27","-0.013746","-0.013746"
"600028","2025-08-28","0.003484","0.003484"
"600028","2025-08-29","-0.008681","-0.008681"
"600028","2025-09-01","-0.001751","-0.001751"
"600028","2025-09-02","0.019298","0.019298"
"600028","2025-09-03","-0.010327","-0.010327"
"600028","2025-09-04","0.005217","0.005217"
"600028","2025-09-05","-0.015571","-0.015571"
"600028","2025-09-08","-0.001757","-0.001757"
"600028","2025-09-09","-0.003521","-0.003521"
"600028","2025-09-10","-0.008834","-0.008834"
"600028","2025-09-11","0.003565","0.003565"
"600028","2025-09-12","-0.002132","-0.017762"
"600028","2025-09-15","-0.001808","-0.001808"
"600028","2025-09-16","-0.007246","-0.007246"
"600028","2025-09-17","0.001825","0.001825"
"600028","2025-09-18","-0.016393","-0.016393"
"600028","2025-09-19","-0.007407","-0.007407"
"600028","2025-09-22","-0.007463","-0.007463"
"600028","2025-09-23","0.007519","0.007519"
"600028","2025-09-24","0.000000","0.000000"
"600028","2025-09-25","-0.001866","-0.001866"
"600028","2025-09-26","0.000000","0.000000"
"600028","2025-09-29","-0.007477","-0.007477"
"600028","2025-09-30","-0.003766","-0.003766"
"600028","2025-10-09","0.013233","0.013233"
"600028","2025-10-10","0.001866","0.001866"
"600028","2025-10-13","-0.001862","-0.001862"
"600028","2025-10-14","0.011194","0.011194"
"600028","2025-10-15","-0.005535","-0.005535"
"600028","2025-10-16","0.011132","0.011132"
"600028","2025-10-17","-0.007339","-0.007339"
"600028","2025-10-20","0.011091","0.011091"
"600028","2025-10-21","-0.001828","-0.001828"
"600028","2025-10-22","0.007326","0.007326"
"600028","2025-10-23","0.010909","0.010909"
"600028","2025-10-24","-0.003597","-0.003597"
"600028","2025-10-27","0.007220","0.007220"
"600028","2025-10-28","-0.003584","-0.003584"
"600028","2025-10-29","-0.007194","-0.007194"
"600028","2025-10-30","0.001812","0.001812"
"600028","2025-10-31","-0.010850","-0.010850"
"600028","2025-11-03","0.018282","0.018282"
"600028","2025-11-04","0.001795","0.001795"
"600028","2025-11-05","-0.005376","-0.005376"
"600028","2025-11-06","0.000000","0.000000"
"600028","2025-11-07","0.010811","0.010811"
"600028","2025-11-10","0.008913","0.008913"
"600028","2025-11-11","0.001767","0.001767"
"600028","2025-11-12","0.007055","0.007055"
"600028","2025-11-13","-0.005254","-0.005254"
"600028","2025-11-14","0.005282","0.005282"
"600028","2025-11-17","0.012259","0.012259"
"600028","2025-11-18","0.003460","0.003460"
"600028","2025-11-19","0.043103","0.043103"
"600028","2025-11-20","0.000000","0.000000"
"600028","2025-11-21","-0.013223","-0.013223"
"600028","2025-11-24","-0.021776","-0.021776"
"600028","2025-11-25","-0.006849","-0.006849"
"600028","2025-11-26","-0.010345","-0.010345"
"600028","2025-11-27","0.012195","0.012195"
"600028","2025-11-28","-0.005164","-0.005164"
"600028","2025-12-01","0.012111","0.012111"
"600028","2025-12-02","0.022222","0.022222"
"600028","2025-12-03","-0.005017","-0.005017"
"600028","2025-12-04","0.003361","0.003361"
"600028","2025-12-05","-0.001675","-0.001675"
"600028","2025-12-08","0.000000","0.000000"
"600028","2025-12-09","-0.005034","-0.005034"
"600028","2025-12-10","-0.011804","-0.011804"
"600028","2025-12-11","-0.006826","-0.006826"
"600028","2025-12-12","-0.006873","-0.006873"
"600028","2025-12-15","0.003460","0.003460"
"600028","2025-12-16","0.003448","0.003448"
"600028","2025-12-17","0.003436","0.003436"
"600028","2025-12-18","0.015411","0.015411"
"600028","2025-12-19","-0.006745","-0.006745"
"600028","2025-12-22","-0.003396","-0.003396"
"600028","2025-12-23","0.008518","0.008518"
"600028","2025-12-24","-0.001689","-0.001689"
"600028","2025-12-25","-0.010152","-0.010152"
"600028","2025-12-26","-0.010256","-0.010256"
"600028","2025-12-29","0.036269","0.036269"
"600028","2025-12-30","0.026667","0.026667"
"600028","2025-12-31","0.003247","0.003247"
"600028","2026-01-05","-0.014563","-0.014563"
"600028","2026-01-06","0.014778","0.014778"
"600028","2026-01-07","-0.012945","-0.012945"
"600028","2026-01-08","-0.004918","-0.004918"
"600028","2026-01-09","0.014827","0.014827"
"600028","2026-01-12","-0.030844","-0.030844"
"600028","2026-01-13","0.000000","0.000000"
"600028","2026-01-14","0.000000","0.000000"
"600028","2026-01-15","-0.003350","-0.003350"
"600028","2026-01-16","-0.018487","-0.018487"
"600028","2026-01-19","0.015411","0.015411"
"600028","2026-01-20","0.013491","0.013491"
"600028","2026-01-21","-0.008319","-0.008319"
"600028","2026-01-22","0.041946","0.041946"
"600028","2026-01-23","-0.009662","-0.009662"
"600028","2026-01-26","0.037398","0.037398"
"600028","2026-01-27","-0.001567","-0.001567"
"600028","2026-01-28","0.004710","0.004710"
"600028","2026-01-29","0.006250","0.006250"
"600028","2026-01-30","0.010870","0.010870"
"600028","2026-02-02","-0.019969","-0.019969"
"600028","2026-02-03","-0.012539","-0.012539"
"600028","2026-02-04","0.031746","0.031746"
"600028","2026-02-05","-0.015385","-0.015385"
"600028","2026-02-06","0.015625","0.015625"
"600028","2026-02-09","0.000000","0.000000"
"600028","2026-02-10","-0.006154","-0.006154"
"600028","2026-02-11","0.012384","0.012384"
"600028","2026-02-12","0.009174","0.009174"
"600028","2026-02-13","-0.034848","-0.034848"
"600028","2026-02-24","0.032967","0.032967"
"600028","2026-02-25","-0.009119","-0.009119"
"600028","2026-02-26","-0.004601","-0.004601"
"600028","2026-02-27","-0.004622","-0.004622"
"600028","2026-03-02","0.100619","0.100619"
"600028","2026-03-03","0.099859","0.099859"
"600028","2026-03-04","-0.053708","-0.053708"
"600028","2026-03-05","-0.050000","-0.050000"
"600028","2026-03-06","-0.021337","-0.021337"
"600028","2026-03-09","0.017442","0.017442"
"600028","2026-03-10","-0.062857","-0.062857"
"600028","2026-03-11","-0.007622","-0.007622"
"600028","2026-03-12","-0.007680","-0.007680"
"600028","2026-03-13","-0.020124","-0.020124"
"600028","2026-03-16","0.000000","0.000000"
"600028","2026-03-17","-0.012638","-0.012638"
"600028","2026-03-18","-0.020800","-0.020800"
"600028","2026-03-19","0.026144","0.026144"
"600028","2026-03-20","-0.031847","-0.031847"
"600028","2026-03-23","-0.006579","-0.006579"
"600028","2026-03-24","-0.016556","-0.016556"
"600028","2026-03-25","-0.003367","-0.003367"
"600028","2026-03-26","-0.006757","-0.006757"
"600028","2026-03-27","0.003401","0.003401"
"600028","2026-03-30","0.011864","0.011864"
"600028","2026-03-31","-0.015075","-0.015075"
"600028","2026-04-01","0.001701","0.001701"
"600028","2026-04-02","0.010187","0.010187"
"600028","2026-04-03","-0.015126","-0.015126"
"600028","2026-04-07","0.008532","0.008532"
"600028","2026-04-08","-0.003384","-0.003384"
"600028","2026-04-09","-0.008489","-0.008489"
"600028","2026-04-10","-0.005137","-0.005137"
"600028","2026-04-13","0.003442","0.003442"
"600028","2026-04-14","-0.008576","-0.008576"
"600028","2026-04-15","-0.015571","-0.015571"
"600028","2026-04-16","-0.005272","-0.005272"
"600028","2026-04-17","-0.017668","-0.017668"
"600028","2026-04-20","-0.005396","-0.005396"
"600938","2023-01-03","0.018421","0.018421"
"600938","2023-01-04","-0.012274","-0.012274"
"600938","2023-01-05","-0.000654","-0.000654"
"600938","2023-01-06","0.002618","0.002618"
"600938","2023-01-09","0.011749","0.011749"
"600938","2023-01-10","-0.004516","-0.004516"
"600938","2023-01-11","0.003889","0.003889"
"600938","2023-01-12","0.016785","0.016785"
"600938","2023-01-13","0.000635","0.000635"
"600938","2023-01-16","-0.000635","-0.000635"
"600938","2023-01-17","-0.017778","-0.017778"
"600938","2023-01-18","0.021332","0.021332"
"600938","2023-01-19","-0.005696","-0.005696"
"600938","2023-01-20","0.030554","0.030554"
"600938","2023-01-30","-0.008030","-0.008030"
"600938","2023-01-31","-0.010585","-0.010585"
"600938","2023-02-01","0.008811","0.008811"
"600938","2023-02-02","0.004367","0.004367"
"600938","2023-02-03","-0.013043","-0.013043"
"600938","2023-02-06","0.000629","0.000629"
"600938","2023-02-07","0.006289","0.006289"
"600938","2023-02-08","-0.002500","-0.002500"
"600938","2023-02-09","0.003759","0.003759"
"600938","2023-02-10","-0.008115","-0.008115"
"600938","2023-02-13","0.004405","0.004405"
"600938","2023-02-14","0.008145","0.008145"
"600938","2023-02-15","-0.009323","-0.009323"
"600938","2023-02-16","-0.007528","-0.007528"
"600938","2023-02-17","0.001896","0.001896"
"600938","2023-02-20","0.012618","0.012618"
"600938","2023-02-21","0.000000","0.000000"
"600938","2023-02-22","0.005607","0.005607"
"600938","2023-02-23","-0.003098","-0.003098"
"600938","2023-02-24","-0.006837","-0.006837"
"600938","2023-02-27","-0.001877","-0.001877"
"600938","2023-02-28","0.001254","0.001254"
"600938","2023-03-01","0.010645","0.010645"
"600938","2023-03-02","0.032838","0.032838"
"600938","2023-03-03","0.030594","0.030594"
"600938","2023-03-06","0.001164","0.001164"
"600938","2023-03-07","0.058721","0.058721"
"600938","2023-03-08","-0.004942","-0.004942"
"600938","2023-03-09","0.004415","0.004415"
"600938","2023-03-10","-0.035714","-0.035714"
"600938","2023-03-13","0.049003","0.049003"
"600938","2023-03-14","-0.027159","-0.027159"
"600938","2023-03-15","-0.002233","-0.002233"
"600938","2023-03-16","-0.052602","-0.052602"
"600938","2023-03-17","0.031896","0.031896"
"600938","2023-03-20","-0.029193","-0.029193"
"600938","2023-03-21","-0.004717","-0.004717"
"600938","2023-03-22","-0.002962","-0.002962"
"600938","2023-03-23","0.010695","0.010695"
"600938","2023-03-24","-0.018225","-0.018225"
"600938","2023-03-27","-0.013772","-0.013772"
"600938","2023-03-28","0.019429","0.019429"
"600938","2023-03-29","0.003574","0.003574"
"600938","2023-03-30","0.017804","0.017804"
"600938","2023-03-31","-0.006414","-0.006414"
"600938","2023-04-03","0.035211","0.035211"
"600938","2023-04-04","0.023810","0.023810"
"600938","2023-04-06","-0.016058","-0.016058"
"600938","2023-04-07","-0.011255","-0.011255"
"600938","2023-04-10","0.024474","0.024474"
"600938","2023-04-11","-0.010000","-0.010000"
"600938","2023-04-12","0.017957","0.017957"
"600938","2023-04-13","0.038037","0.038037"
"600938","2023-04-14","0.006373","0.006373"
"600938","2023-04-17","0.047493","0.047493"
"600938","2023-04-18","-0.026700","-0.026700"
"600938","2023-04-19","-0.012422","-0.012422"
"600938","2023-04-20","0.015199","0.015199"
"600938","2023-04-21","-0.004646","-0.004646"
"600938","2023-04-24","-0.019710","-0.019710"
"600938","2023-04-25","0.011111","0.011111"
"600938","2023-04-26","-0.030351","-0.030351"
"600938","2023-04-27","-0.008095","-0.008095"
"600938","2023-04-28","0.051687","0.051687"
"600938","2023-05-04","-0.021211","-0.021211"
"600938","2023-05-05","-0.022199","-0.022199"
"600938","2023-05-08","0.076757","0.076757"
"600938","2023-05-09","-0.009538","-0.009538"
"600938","2023-05-10","-0.029397","-0.029397"
"600938","2023-05-11","0.004178","0.004178"
"600938","2023-05-12","-0.019241","-0.019241"
"600938","2023-05-15","0.010604","0.010604"
"600938","2023-05-16","-0.005771","-0.005771"
"600938","2023-05-17","-0.006860","-0.006860"
"600938","2023-05-18","0.007439","0.007439"
"600938","2023-05-19","0.004219","0.004219"
"600938","2023-05-22","0.006303","0.006303"
"600938","2023-05-23","-0.032359","-0.032359"
"600938","2023-05-24","-0.007551","-0.007551"
"600938","2023-05-25","-0.016304","-0.016304"
"600938","2023-05-26","-0.005525","-0.005525"
"600938","2023-05-29","0.020556","0.020556"
"600938","2023-05-30","-0.001633","-0.001633"
"600938","2023-05-31","-0.043075","-0.043075"
"600938","2023-06-01","0.009687","0.009687"
"600938","2023-06-02","0.012415","0.012415"
"600938","2023-06-05","0.007804","0.007804"
"600938","2023-06-06","-0.005531","-0.005531"
"600938","2023-06-07","0.006118","0.006118"
"600938","2023-06-08","0.018795","0.018795"
"600938","2023-06-09","0.013022","0.013022"
"600938","2023-06-12","-0.004821","-0.004821"
"600938","2023-06-13","-0.030140","-0.030140"
"600938","2023-06-14","0.012764","0.012764"
"600938","2023-06-15","-0.002192","-0.002192"
"600938","2023-06-16","0.015925","0.015925"
"600938","2023-06-19","-0.008108","-0.008108"
"600938","2023-06-20","-0.021798","-0.021798"
"600938","2023-06-21","-0.006128","-0.006128"
"600938","2023-06-26","-0.001121","-0.001121"
"600938","2023-06-27","0.015152","0.015152"
"600938","2023-06-28","0.007186","0.007186"
"600938","2023-06-29","-0.010977","-0.010977"
"600938","2023-06-30","0.005549","0.005549"
"600938","2023-07-03","0.027594","0.027594"
"600938","2023-07-04","0.023093","0.023093"
"600938","2023-07-05","0.000525","0.000525"
"600938","2023-07-06","0.000000","0.000000"
"600938","2023-07-07","0.002099","0.002099"
"600938","2023-07-10","-0.005236","-0.005236"
"600938","2023-07-11","-0.004737","-0.004737"
"600938","2023-07-12","0.019038","0.019038"
"600938","2023-07-13","0.024909","0.024909"
"600938","2023-07-14","-0.000178","-0.034431"
"600938","2023-07-17","-0.001049","-0.001049"
"600938","2023-07-18","-0.009974","-0.009974"
"600938","2023-07-19","0.016967","0.016967"
"600938","2023-07-20","-0.017727","-0.017727"
"600938","2023-07-21","-0.008493","-0.008493"
"600938","2023-07-24","-0.010171","-0.010171"
"600938","2023-07-25","0.026501","0.026501"
"600938","2023-07-26","-0.011591","-0.011591"
"600938","2023-07-27","0.003731","0.003731"
"600938","2023-07-28","0.003186","0.003186"
"600938","2023-07-31","-0.005823","-0.005823"
"600938","2023-08-01","0.013845","0.013845"
"600938","2023-08-02","-0.010504","-0.010504"
"600938","2023-08-03","-0.016454","-0.016454"
"600938","2023-08-04","0.005397","0.005397"
"600938","2023-08-07","0.006441","0.006441"
"600938","2023-08-08","0.000000","0.000000"
"600938","2023-08-09","-0.005867","-0.005867"
"600938","2023-08-10","0.019850","0.019850"
"600938","2023-08-11","-0.018411","-0.018411"
"600938","2023-08-14","0.000000","0.000000"
"600938","2023-08-15","0.000000","0.000000"
"600938","2023-08-16","-0.021436","-0.021436"
"600938","2023-08-17","0.009858","0.009858"
"600938","2023-08-18","0.001085","0.001085"
"600938","2023-08-21","0.000000","0.000000"
"600938","2023-08-22","0.018960","0.018960"
"600938","2023-08-23","-0.003721","-0.003721"
"600938","2023-08-24","-0.001067","-0.001067"
"600938","2023-08-25","0.001068","0.001068"
"600938","2023-08-28","0.012273","0.012273"
"600938","2023-08-29","0.000000","0.000000"
"600938","2023-08-30","0.002109","0.002109"
"600938","2023-08-31","-0.000526","-0.000526"
"600938","2023-09-01","0.007895","0.007895"
"600938","2023-09-04","0.016188","0.016188"
"600938","2023-09-05","0.002055","0.002055"
"600938","2023-09-06","0.007179","0.007179"
"600938","2023-09-07","0.004073","0.004073"
"600938","2023-09-08","-0.017748","-0.017748"
"600938","2023-09-11","0.006711","0.006711"
"600938","2023-09-12","-0.007179","-0.007179"
"600938","2023-09-13","0.012913","0.012913"
"600938","2023-09-14","0.031617","0.031617"
"600938","2023-09-15","0.004449","0.004449"
"600938","2023-09-18","0.000492","0.000492"
"600938","2023-09-19","0.003935","0.003935"
"600938","2023-09-20","0.009799","0.009799"
"600938","2023-09-21","0.006308","0.006308"
"600938","2023-09-22","-0.003375","-0.003375"
"600938","2023-09-25","-0.011127","-0.011127"
"600938","2023-09-26","0.001957","0.001957"
"600938","2023-09-27","0.015625","0.015625"
"600938","2023-09-28","0.016346","0.016346"
"600938","2023-10-09","-0.007569","-0.007569"
"600938","2023-10-10","-0.037178","-0.037178"
"600938","2023-10-11","0.004455","0.004455"
"600938","2023-10-12","0.004436","0.004436"
"600938","2023-10-13","0.017174","0.017174"
"600938","2023-10-16","0.006753","0.006753"
"600938","2023-10-17","0.012458","0.012458"
"600938","2023-10-18","-0.005154","-0.030762"
"600938","2023-10-19","-0.015137","-0.015137"
"600938","2023-10-20","-0.002975","-0.002975"
"600938","2023-10-23","0.009945","0.009945"
"600938","2023-10-24","-0.005416","-0.005416"
"600938","2023-10-25","-0.028218","-0.028218"
"600938","2023-10-26","0.021905","0.021905"
"600938","2023-10-27","-0.007976","-0.007976"
"600938","2023-10-30","-0.019095","-0.019095"
"600938","2023-10-31","-0.001025","-0.001025"
"600938","2023-11-01","0.006667","0.006667"
"600938","2023-11-02","0.000509","0.000509"
"600938","2023-11-03","-0.006110","-0.006110"
"600938","2023-11-06","-0.036885","-0.036885"
"600938","2023-11-07","0.012234","0.012234"
"600938","2023-11-08","-0.004729","-0.004729"
"600938","2023-11-09","0.002112","0.002112"
"600938","2023-11-10","0.003161","0.003161"
"600938","2023-11-13","0.011029","0.011029"
"600938","2023-11-14","-0.012468","-0.012468"
"600938","2023-11-15","0.011047","0.011047"
"600938","2023-11-16","0.007284","0.007284"
"600938","2023-11-17","-0.012397","-0.012397"
"600938","2023-11-20","-0.004184","-0.004184"
"600938","2023-11-21","-0.002626","-0.002626"
"600938","2023-11-22","0.003686","0.003686"
"600938","2023-11-23","0.008919","0.008919"
"600938","2023-11-24","0.008840","0.008840"
"600938","2023-11-27","-0.011340","-0.011340"
"600938","2023-11-28","0.002607","0.002607"
"600938","2023-11-29","0.011960","0.011960"
"600938","2023-11-30","0.021583","0.021583"
"600938","2023-12-01","0.004024","0.004024"
"600938","2023-12-04","-0.005511","-0.005511"
"600938","2023-12-05","-0.011083","-0.011083"
"600938","2023-12-06","-0.008151","-0.008151"
"600938","2023-12-07","-0.003595","-0.003595"
"600938","2023-12-08","0.034536","0.034536"
"600938","2023-12-11","-0.019930","-0.019930"
"600938","2023-12-12","0.008643","0.008643"
"600938","2023-12-13","-0.022681","-0.022681"
"600938","2023-12-14","0.008767","0.008767"
"600938","2023-12-15","-0.010736","-0.010736"
"600938","2023-12-18","0.010336","0.010336"
"600938","2023-12-19","0.008184","0.008184"
"600938","2023-12-20","0.006596","0.006596"
"600938","2023-12-21","-0.006048","-0.006048"
"600938","2023-12-22","0.010649","0.010649"
"600938","2023-12-25","0.003512","0.003512"
"600938","2023-12-26","0.001500","0.001500"
"600938","2023-12-27","0.029456","0.029456"
"600938","2023-12-28","0.001940","0.001940"
"600938","2023-12-29","0.015005","0.015005"
"600938","2024-01-02","-0.002384","-0.002384"
"600938","2024-01-03","0.008126","0.008126"
"600938","2024-01-04","0.011380","0.011380"
"600938","2024-01-05","-0.007032","-0.007032"
"600938","2024-01-08","-0.000472","-0.000472"
"600938","2024-01-09","-0.003307","-0.003307"
"600938","2024-01-10","-0.017062","-0.017062"
"600938","2024-01-11","-0.009643","-0.009643"
"600938","2024-01-12","0.003408","0.003408"
"600938","2024-01-15","0.014556","0.014556"
"600938","2024-01-16","-0.002391","-0.002391"
"600938","2024-01-17","-0.009588","-0.009588"
"600938","2024-01-18","-0.000484","-0.000484"
"600938","2024-01-19","-0.007264","-0.007264"
"600938","2024-01-22","-0.001951","-0.001951"
"600938","2024-01-23","0.003910","0.003910"
"600938","2024-01-24","0.028238","0.028238"
"600938","2024-01-25","0.056818","0.056818"
"600938","2024-01-26","0.025090","0.025090"
"600938","2024-01-29","-0.001748","-0.001748"
"600938","2024-01-30","0.002189","0.002189"
"600938","2024-01-31","0.002184","0.002184"
"600938","2024-02-01","-0.033130","-0.033130"
"600938","2024-02-02","0.008566","0.008566"
"600938","2024-02-05","0.029951","0.029951"
"600938","2024-02-06","-0.007378","-0.007378"
"600938","2024-02-07","0.006122","0.006122"
"600938","2024-02-08","-0.006953","-0.006953"
"600938","2024-02-19","0.077024","0.077024"
"600938","2024-02-20","-0.005282","-0.005282"
"600938","2024-02-21","0.003268","0.003268"
"600938","2024-02-22","0.030130","0.030130"
"600938","2024-02-23","-0.012253","-0.012253"
"600938","2024-02-26","0.001200","0.001200"
"600938","2024-02-27","0.029976","0.029976"
"600938","2024-02-28","-0.023671","-0.023671"
"600938","2024-02-29","0.004372","0.004372"
"600938","2024-03-01","-0.005540","-0.005540"
"600938","2024-03-04","0.073219","0.073219"
"600938","2024-03-05","0.003337","0.003337"
"600938","2024-03-06","0.001478","0.001478"
"600938","2024-03-07","0.035793","0.035793"
"600938","2024-03-08","0.089419","0.089419"
"600938","2024-03-11","-0.047090","-0.047090"
"600938","2024-03-12","-0.057310","-0.057310"
"600938","2024-03-13","0.014561","0.014561"
"600938","2024-03-14","0.025834","0.025834"
"600938","2024-03-15","-0.018888","-0.018888"
"600938","2024-03-18","0.003565","0.003565"
"600938","2024-03-19","0.009591","0.009591"
"600938","2024-03-20","0.009852","0.009852"
"600938","2024-03-21","-0.011150","-0.011150"
"600938","2024-03-22","-0.037703","-0.037703"
"600938","2024-03-25","0.029659","0.029659"
"600938","2024-03-26","-0.002489","-0.002489"
"600938","2024-03-27","-0.007130","-0.007130"
"600938","2024-03-28","0.010772","0.010772"
"600938","2024-03-29","0.038366","0.038366"
"600938","2024-04-01","-0.008553","-0.008553"
"600938","2024-04-02","0.028295","0.028295"
"600938","2024-04-03","0.004027","0.004027"
"600938","2024-04-08","-0.005682","-0.005682"
"600938","2024-04-09","-0.021513","-0.021513"
"600938","2024-04-10","0.005153","0.005153"
"600938","2024-04-11","0.003759","0.003759"
"600938","2024-04-12","-0.005788","-0.005788"
"600938","2024-04-15","0.022260","0.022260"
"600938","2024-04-16","0.000670","0.000670"
"600938","2024-04-17","-0.004017","-0.004017"
"600938","2024-04-18","-0.020168","-0.020168"
"600938","2024-04-19","0.039451","0.039451"
"600938","2024-04-22","-0.046535","-0.046535"
"600938","2024-04-23","-0.018345","-0.018345"
"600938","2024-04-24","0.011283","0.011283"
"600938","2024-04-25","0.005927","0.005927"
"600938","2024-04-26","0.038821","0.038821"
"600938","2024-04-29","-0.023023","-0.023023"
"600938","2024-04-30","0.021858","0.021858"
"600938","2024-05-06","-0.023396","-0.023396"
"600938","2024-05-07","0.001027","0.001027"
"600938","2024-05-08","-0.006496","-0.006496"
"600938","2024-05-09","-0.003785","-0.003785"
"600938","2024-05-10","0.006563","0.006563"
"600938","2024-05-13","-0.007550","-0.007550"
"600938","2024-05-14","-0.004149","-0.004149"
"600938","2024-05-15","-0.017014","-0.017014"
"600938","2024-05-16","-0.001766","-0.001766"
"600938","2024-05-17","-0.002123","-0.002123"
"600938","2024-05-20","0.029433","0.029433"
"600938","2024-05-21","-0.012401","-0.012401"
"600938","2024-05-22","-0.007325","-0.007325"
"600938","2024-05-23","-0.008433","-0.008433"
"600938","2024-05-24","0.004252","0.004252"
"600938","2024-05-27","0.025759","0.025759"
"600938","2024-05-28","0.013072","0.013072"
"600938","2024-05-29","0.033616","0.033616"
"600938","2024-05-30","-0.026938","-0.026938"
"600938","2024-05-31","-0.000675","-0.000675"
"600938","2024-06-03","0.013514","0.013514"
"600938","2024-06-04","-0.001000","-0.001000"
"600938","2024-06-05","-0.027361","-0.027361"
"600938","2024-06-06","0.021612","0.021612"
"600938","2024-06-07","0.013768","0.013768"
"600938","2024-06-11","-0.001987","-0.001987"
"600938","2024-06-12","0.042814","0.042814"
"600938","2024-06-13","-0.004774","-0.004774"
"600938","2024-06-14","-0.017909","-0.017909"
"600938","2024-06-17","-0.010420","-0.010420"
"600938","2024-06-18","0.003620","0.003620"
"600938","2024-06-19","0.033115","0.033115"
"600938","2024-06-20","0.016820","0.016820"
"600938","2024-06-21","-0.001248","-0.001248"
"600938","2024-06-24","0.014688","0.014688"
"600938","2024-06-25","-0.006468","-0.006468"
"600938","2024-06-26","-0.008679","-0.008679"
"600938","2024-06-27","0.003127","0.003127"
"600938","2024-06-28","0.028678","0.028678"
"600938","2024-07-01","0.031515","0.031515"
"600938","2024-07-02","0.032315","0.032315"
"600938","2024-07-03","-0.009106","-0.009106"
"600938","2024-07-04","0.007467","0.007467"
"600938","2024-07-05","-0.022805","-0.022805"
"600938","2024-07-08","0.014294","0.014294"
"600938","2024-07-09","-0.005177","-0.005177"
"600938","2024-07-10","-0.020237","-0.020237"
"600938","2024-07-11","-0.002656","-0.002656"
"600938","2024-07-12","0.001785","-0.015977"
"600938","2024-07-15","0.018040","0.018040"
"600938","2024-07-16","0.001477","0.001477"
"600938","2024-07-17","-0.048953","-0.048953"
"600938","2024-07-18","0.022636","0.022636"
"600938","2024-07-19","-0.038811","-0.038811"
"600938","2024-07-22","-0.029968","-0.029968"
"600938","2024-07-23","-0.013333","-0.013333"
"600938","2024-07-24","0.002307","0.002307"
"600938","2024-07-25","-0.048339","-0.048339"
"600938","2024-07-26","-0.000346","-0.000346"
"600938","2024-07-29","0.023505","0.023505"
"600938","2024-07-30","-0.052009","-0.052009"
"600938","2024-07-31","0.026719","0.026719"
"600938","2024-08-01","0.019778","0.019778"
"600938","2024-08-02","-0.032324","-0.032324"
"600938","2024-08-05","-0.055204","-0.055204"
"600938","2024-08-06","0.003349","0.003349"
"600938","2024-08-07","0.019659","0.019659"
"600938","2024-08-08","0.002183","0.002183"
"600938","2024-08-09","0.026134","0.026134"
"600938","2024-08-12","-0.003891","-0.003891"
"600938","2024-08-13","0.010653","0.010653"
"600938","2024-08-14","-0.001054","-0.001054"
"600938","2024-08-15","0.004221","0.004221"
"600938","2024-08-16","0.017863","0.017863"
"600938","2024-08-19","-0.002065","-0.002065"
"600938","2024-08-20","-0.025517","-0.025517"
"600938","2024-08-21","-0.004954","-0.004954"
"600938","2024-08-22","-0.008535","-0.008535"
"600938","2024-08-23","0.001793","0.001793"
"600938","2024-08-26","0.022914","0.022914"
"600938","2024-08-27","0.028701","0.028701"
"600938","2024-08-28","0.007145","0.007145"
"600938","2024-08-29","-0.020270","-0.020270"
"600938","2024-08-30","0.012414","0.012414"
"600938","2024-09-02","-0.015668","-0.015668"
"600938","2024-09-03","-0.020415","-0.020415"
"600938","2024-09-04","-0.055104","-0.055104"
"600938","2024-09-05","-0.005607","-0.005607"
"600938","2024-09-06","-0.001504","-0.001504"
"600938","2024-09-09","-0.036145","-0.036145"
"600938","2024-09-10","0.008594","0.008594"
"600938","2024-09-11","-0.020139","-0.020139"
"600938","2024-09-12","0.007510","0.007510"
"600938","2024-09-13","0.027069","0.027069"
"600938","2024-09-18","0.004966","0.004966"
"600938","2024-09-19","0.014443","0.014443"
"600938","2024-09-20","0.002997","0.002997"
"600938","2024-09-23","0.011580","0.011580"
"600938","2024-09-24","0.032496","0.032496"
"600938","2024-09-25","0.014664","0.014664"
"600938","2024-09-26","-0.021149","-0.021149"
"600938","2024-09-27","0.000000","0.000000"
"600938","2024-09-30","0.082103","0.082103"
"600938","2024-10-08","0.047255","0.047255"
"600938","2024-10-09","-0.082618","-0.082618"
"600938","2024-10-10","0.038795","0.038795"
"600938","2024-10-11","0.002668","0.002668"
"600938","2024-10-14","0.003326","0.003326"
"600938","2024-10-15","-0.039775","-0.039775"
"600938","2024-10-16","0.003797","0.003797"
"600938","2024-10-17","-0.005158","-0.005158"
"600938","2024-10-18","0.006447","-0.016938"
"600938","2024-10-21","-0.004923","-0.004923"
"600938","2024-10-22","-0.004240","-0.004240"
"600938","2024-10-23","0.003549","0.003549"
"600938","2024-10-24","-0.000707","-0.000707"
"600938","2024-10-25","-0.013447","-0.013447"
"600938","2024-10-28","-0.017575","-0.017575"
"600938","2024-10-29","-0.010223","-0.010223"
"600938","2024-10-30","-0.021763","-0.021763"
"600938","2024-10-31","-0.004148","-0.004148"
"600938","2024-11-01","0.024233","0.024233"
"600938","2024-11-04","-0.011830","-0.011830"
"600938","2024-11-05","0.016835","0.016835"
"600938","2024-11-06","-0.011773","-0.011773"
"600938","2024-11-07","0.007074","0.007074"
"600938","2024-11-08","-0.012939","-0.012939"
"600938","2024-11-11","-0.010861","-0.010861"
"600938","2024-11-12","-0.011738","-0.011738"
"600938","2024-11-13","0.013410","0.013410"
"600938","2024-11-14","-0.011342","-0.011342"
"600938","2024-11-15","-0.018738","-0.018738"
"600938","2024-11-18","0.015199","0.015199"
"600938","2024-11-19","0.013436","0.013436"
"600938","2024-11-20","0.004924","0.004924"
"600938","2024-11-21","-0.003015","-0.003015"
"600938","2024-11-22","-0.009074","-0.009074"
"600938","2024-11-25","0.011064","0.011064"
"600938","2024-11-26","-0.014340","-0.014340"
"600938","2024-11-27","0.002680","0.002680"
"600938","2024-11-28","-0.006491","-0.006491"
"600938","2024-11-29","0.006149","0.006149"
"600938","2024-12-02","0.003820","0.003820"
"600938","2024-12-03","0.023592","0.023592"
"600938","2024-12-04","0.021933","0.021933"
"600938","2024-12-05","-0.016370","-0.016370"
"600938","2024-12-06","-0.001479","-0.001479"
"600938","2024-12-09","0.008889","0.008889"
"600938","2024-12-10","-0.007709","-0.007709"
"600938","2024-12-11","0.007399","0.007399"
"600938","2024-12-12","0.004774","0.004774"
"600938","2024-12-13","-0.012061","-0.012061"
"600938","2024-12-16","0.024787","0.024787"
"600938","2024-12-17","0.000361","0.000361"
"600938","2024-12-18","0.000361","0.000361"
"600938","2024-12-19","-0.005772","-0.005772"
"600938","2024-12-20","-0.005806","-0.005806"
"600938","2024-12-23","0.038321","0.038321"
"600938","2024-12-24","0.010545","0.010545"
"600938","2024-12-25","0.010087","0.010087"
"600938","2024-12-26","-0.007231","-0.007231"
"600938","2024-12-27","0.001734","0.001734"
"600938","2024-12-30","0.021468","0.021468"
"600938","2024-12-31","0.000339","0.000339"
"600938","2025-01-02","-0.021349","-0.021349"
"600938","2025-01-03","0.007271","0.007271"
"600938","2025-01-06","-0.015125","-0.015125"
"600938","2025-01-07","0.003141","0.003141"
"600938","2025-01-08","0.012874","0.012874"
"600938","2025-01-09","-0.018207","-0.018207"
"600938","2025-01-10","-0.011547","-0.011547"
"600938","2025-01-13","0.020531","0.020531"
"600938","2025-01-14","0.002775","0.002775"
"600938","2025-01-15","-0.006572","-0.006572"
"600938","2025-01-16","0.025418","0.025418"
"600938","2025-01-17","-0.011205","-0.011205"
"600938","2025-01-20","-0.024382","-0.024382"
"600938","2025-01-21","-0.023583","-0.023583"
"600938","2025-01-22","-0.005047","-0.005047"
"600938","2025-01-23","0.000000","0.000000"
"600938","2025-01-24","-0.013768","-0.013768"
"600938","2025-01-27","0.010654","0.010654"
"600938","2025-02-05","-0.017085","-0.017085"
"600938","2025-02-06","0.001479","0.001479"
"600938","2025-02-07","-0.002585","-0.002585"
"600938","2025-02-10","0.001481","0.001481"
"600938","2025-02-11","0.016636","0.016636"
"600938","2025-02-12","-0.009091","-0.009091"
"600938","2025-02-13","-0.009174","-0.009174"
"600938","2025-02-14","-0.003333","-0.003333"
"600938","2025-02-17","-0.013378","-0.013378"
"600938","2025-02-18","0.004520","0.004520"
"600938","2025-02-19","-0.007874","-0.007874"
"600938","2025-02-20","0.001890","0.001890"
"600938","2025-02-21","-0.005281","-0.005281"
"600938","2025-02-24","-0.025787","-0.025787"
"600938","2025-02-25","-0.004282","-0.004282"
"600938","2025-02-26","-0.005082","-0.005082"
"600938","2025-02-27","0.011395","0.011395"
"600938","2025-02-28","0.004274","0.004274"
"600938","2025-03-03","-0.011605","-0.011605"
"600938","2025-03-04","-0.029354","-0.029354"
"600938","2025-03-05","-0.004032","-0.004032"
"600938","2025-03-06","0.006073","0.006073"
"600938","2025-03-07","0.002012","0.002012"
"600938","2025-03-10","0.004819","0.004819"
"600938","2025-03-11","0.005596","0.005596"
"600938","2025-03-12","0.005167","0.005167"
"600938","2025-03-13","0.013839","0.013839"
"600938","2025-03-14","0.000000","0.000000"
"600938","2025-03-17","0.003120","0.003120"
"600938","2025-03-18","-0.002333","-0.002333"
"600938","2025-03-19","0.002728","0.002728"
"600938","2025-03-20","0.011271","0.011271"
"600938","2025-03-21","0.002306","0.002306"
"600938","2025-03-24","0.012270","0.012270"
"600938","2025-03-25","0.004924","0.004924"
"600938","2025-03-26","-0.009046","-0.009046"
"600938","2025-03-27","0.004184","0.004184"
"600938","2025-03-28","-0.023106","-0.023106"
"600938","2025-03-31","0.006979","0.006979"
"600938","2025-04-01","0.021178","0.021178"
"600938","2025-04-02","-0.021116","-0.021116"
"600938","2025-04-03","-0.010786","-0.010786"
"600938","2025-04-07","-0.095405","-0.095405"
"600938","2025-04-08","0.047783","0.047783"
"600938","2025-04-09","-0.002876","-0.002876"
"600938","2025-04-10","0.007005","0.007005"
"600938","2025-04-11","-0.008183","-0.008183"
"600938","2025-04-14","0.018977","0.018977"
"600938","2025-04-15","0.002429","0.002429"
"600938","2025-04-16","-0.000808","-0.000808"
"600938","2025-04-17","0.003234","0.003234"
"600938","2025-04-18","0.013296","0.013296"
"600938","2025-04-21","-0.009145","-0.009145"
"600938","2025-04-22","0.002006","0.002006"
"600938","2025-04-23","0.006808","0.006808"
"600938","2025-04-24","-0.001989","-0.001989"
"600938","2025-04-25","0.007971","0.007971"
"600938","2025-04-28","0.017398","0.017398"
"600938","2025-04-29","-0.024096","-0.024096"
"600938","2025-04-30","-0.003584","-0.003584"
"600938","2025-05-06","-0.004796","-0.004796"
"600938","2025-05-07","0.004819","0.004819"
"600938","2025-05-08","-0.001199","-0.001199"
"600938","2025-05-09","-0.000400","-0.000400"
"600938","2025-05-12","0.005604","0.005604"
"600938","2025-05-13","0.001592","0.001592"
"600938","2025-05-14","0.022258","0.022258"
"600938","2025-05-15","-0.015163","-0.015163"
"600938","2025-05-16","-0.009475","-0.009475"
"600938","2025-05-19","0.000000","0.000000"
"600938","2025-05-20","0.005580","0.005580"
"600938","2025-05-21","0.017836","0.017836"
"600938","2025-05-22","-0.001168","-0.001168"
"600938","2025-05-23","0.000000","0.000000"
"600938","2025-05-26","0.000000","0.000000"
"600938","2025-05-27","-0.003899","-0.003899"
"600938","2025-05-28","0.005088","0.005088"
"600938","2025-05-29","0.001168","0.001168"
"600938","2025-05-30","0.003112","0.003112"
"600938","2025-06-03","0.005041","0.005041"
"600938","2025-06-04","-0.000386","-0.000386"
"600938","2025-06-05","0.001544","0.001544"
"600938","2025-06-06","0.008863","0.008863"
"600938","2025-06-09","0.011841","0.011841"
"600938","2025-06-10","0.000000","0.000000"
"600938","2025-06-11","0.004530","0.004530"
"600938","2025-06-12","0.009019","0.009019"
"600938","2025-06-13","0.029795","0.029795"
"600938","2025-06-16","-0.017360","-0.017360"
"600938","2025-06-17","-0.007361","-0.007361"
"600938","2025-06-18","0.002966","0.002966"
"600938","2025-06-19","-0.004067","-0.004067"
"600938","2025-06-20","-0.009280","-0.009280"
"600938","2025-06-23","0.001873","0.001873"
"600938","2025-06-24","-0.022064","-0.022064"
"600938","2025-06-25","0.003059","0.003059"
"600938","2025-06-26","0.005337","0.005337"
"600938","2025-06-27","-0.009480","-0.009480"
"600938","2025-06-30","-0.000383","-0.000383"
"600938","2025-07-01","0.000766","0.000766"
"600938","2025-07-02","0.006506","0.006506"
"600938","2025-07-03","-0.000380","-0.000380"
"600938","2025-07-04","0.000000","0.000000"
"600938","2025-07-07","-0.011411","-0.011411"
"600938","2025-07-08","0.002693","0.002693"
"600938","2025-07-09","0.003837","0.003837"
"600938","2025-07-10","0.035933","0.035933"
"600938","2025-07-11","-0.021954","-0.044281"
"600938","2025-07-14","0.005792","0.005792"
"600938","2025-07-15","-0.009213","-0.009213"
"600938","2025-07-16","-0.000387","-0.000387"
"600938","2025-07-17","-0.003876","-0.003876"
"600938","2025-07-18","0.005837","0.005837"
"600938","2025-07-21","0.005803","0.005803"
"600938","2025-07-22","0.005000","0.005000"
"600938","2025-07-23","-0.002679","-0.002679"
"600938","2025-07-24","-0.000384","-0.000384"
"600938","2025-07-25","0.000384","0.000384"
"600938","2025-07-28","-0.007675","-0.007675"
"600938","2025-07-29","0.010054","0.010054"
"600938","2025-07-30","0.014165","0.014165"
"600938","2025-07-31","-0.012458","-0.012458"
"600938","2025-08-01","-0.008410","-0.008410"
"600938","2025-08-04","-0.005783","-0.005783"
"600938","2025-08-05","0.009306","0.009306"
"600938","2025-08-06","-0.000768","-0.000768"
"600938","2025-08-07","0.005767","0.005767"
"600938","2025-08-08","0.001911","0.001911"
"600938","2025-08-11","-0.013735","-0.013735"
"600938","2025-08-12","0.006963","0.006963"
"600938","2025-08-13","-0.004994","-0.004994"
"600938","2025-08-14","-0.003861","-0.003861"
"600938","2025-08-15","-0.003101","-0.003101"
"600938","2025-08-18","-0.005832","-0.005832"
"600938","2025-08-19","-0.002738","-0.002738"
"600938","2025-08-20","0.003137","0.003137"
"600938","2025-08-21","0.007428","0.007428"
"600938","2025-08-22","-0.004269","-0.004269"
"600938","2025-08-25","0.012860","0.012860"
"600938","2025-08-26","0.000385","0.000385"
"600938","2025-08-27","-0.020385","-0.020385"
"600938","2025-08-28","0.011779","0.011779"
"600938","2025-08-29","-0.003492","-0.003492"
"600938","2025-09-01","0.010125","0.010125"
"600938","2025-09-02","0.016962","0.016962"
"600938","2025-09-03","-0.005307","-0.005307"
"600938","2025-09-04","-0.022866","-0.022866"
"600938","2025-09-05","0.003900","0.003900"
"600938","2025-09-08","0.015929","0.015929"
"600938","2025-09-09","-0.007648","-0.007648"
"600938","2025-09-10","0.006551","0.006551"
"600938","2025-09-11","0.003828","0.003828"
"600938","2025-09-12","0.003051","0.003051"
"600938","2025-09-15","-0.001141","-0.001141"
"600938","2025-09-16","0.008755","0.008755"
"600938","2025-09-17","0.011698","0.011698"
"600938","2025-09-18","-0.024245","-0.024245"
"600938","2025-09-19","0.009174","0.009174"
"600938","2025-09-22","-0.009091","-0.009091"
"600938","2025-09-23","-0.001911","-0.001911"
"600938","2025-09-24","0.008426","0.008426"
"600938","2025-09-25","0.010254","0.010254"
"600938","2025-09-26","-0.003759","-0.003759"
"600938","2025-09-29","-0.003774","-0.003774"
"600938","2025-09-30","-0.010227","-0.010227"
"600938","2025-10-09","0.013012","0.013012"
"600938","2025-10-10","0.011334","0.011334"
"600938","2025-10-13","-0.016810","-0.016810"
"600938","2025-10-14","0.007599","0.007599"
"600938","2025-10-15","-0.001131","-0.001131"
"600938","2025-10-16","-0.003020","-0.003020"
"600938","2025-10-17","-0.005827","-0.031049"
"600938","2025-10-20","0.019930","0.019930"
"600938","2025-10-21","0.004215","0.004215"
"600938","2025-10-22","0.035101","0.035101"
"600938","2025-10-23","0.013269","0.013269"
"600938","2025-10-24","-0.006548","-0.006548"
"600938","2025-10-27","0.015379","0.015379"
"600938","2025-10-28","-0.020555","-0.020555"
"600938","2025-10-29","-0.000368","-0.000368"
"600938","2025-10-30","-0.005157","-0.005157"
"600938","2025-10-31","0.003702","0.003702"
"600938","2025-11-03","0.048322","0.048322"
"600938","2025-11-04","-0.009852","-0.009852"
"600938","2025-11-05","-0.012438","-0.012438"
"600938","2025-11-06","0.018352","0.018352"
"600938","2025-11-07","0.005300","0.005300"
"600938","2025-11-10","0.020738","0.020738"
"600938","2025-11-11","-0.006198","-0.006198"
"600938","2025-11-12","0.025295","0.025295"
"600938","2025-11-13","-0.020953","-0.020953"
"600938","2025-11-14","0.001726","0.001726"
"600938","2025-11-17","-0.002068","-0.002068"
"600938","2025-11-18","-0.013122","-0.013122"
"600938","2025-11-19","0.032890","0.032890"
"600938","2025-11-20","-0.010840","-0.010840"
"600938","2025-11-21","-0.009932","-0.009932"
"600938","2025-11-24","-0.031477","-0.031477"
"600938","2025-11-25","0.005714","0.005714"
"600938","2025-11-26","-0.012429","-0.012429"
"600938","2025-11-27","0.009709","0.009709"
"600938","2025-11-28","-0.010328","-0.010328"
"600938","2025-12-01","0.024829","0.024829"
"600938","2025-12-02","0.009831","0.009831"
"600938","2025-12-03","-0.001391","-0.001391"
"600938","2025-12-04","0.012535","0.012535"
"600938","2025-12-05","-0.004814","-0.004814"
"600938","2025-12-08","-0.013822","-0.013822"
"600938","2025-12-09","-0.011212","-0.011212"
"600938","2025-12-10","-0.000354","-0.000354"
"600938","2025-12-11","0.000000","0.000000"
"600938","2025-12-12","0.006735","0.006735"
"600938","2025-12-15","-0.002817","-0.002817"
"600938","2025-12-16","-0.012006","-0.012006"
"600938","2025-12-17","0.009650","0.009650"
"600938","2025-12-18","0.011327","0.011327"
"600938","2025-12-19","-0.027301","-0.027301"
"600938","2025-12-22","-0.005038","-0.005038"
"600938","2025-12-23","0.016637","0.016637"
"600938","2025-12-24","0.000000","0.000000"
"600938","2025-12-25","0.000711","0.000711"
"600938","2025-12-26","0.006399","0.006399"
"600938","2025-12-29","0.022254","0.022254"
"600938","2025-12-30","0.031790","0.031790"
"600938","2025-12-31","0.010717","0.010717"
"600938","2026-01-05","-0.037773","-0.037773"
"600938","2026-01-06","0.025826","0.025826"
"600938","2026-01-07","-0.040282","-0.040282"
"600938","2026-01-08","-0.006995","-0.006995"
"600938","2026-01-09","0.012328","0.012328"
"600938","2026-01-12","-0.004523","-0.004523"
"600938","2026-01-13","0.035652","0.035652"
"600938","2026-01-14","-0.002025","-0.002025"
"600938","2026-01-15","0.015894","0.015894"
"600938","2026-01-16","-0.023635","-0.023635"
"600938","2026-01-19","0.003409","0.003409"
"600938","2026-01-20","0.007136","0.007136"
"600938","2026-01-21","0.031039","0.031039"
"600938","2026-01-22","0.041230","0.041230"
"600938","2026-01-23","-0.013199","-0.013199"
"600938","2026-01-26","0.066561","0.066561"
"600938","2026-01-27","-0.007166","-0.007166"
"600938","2026-01-28","0.069774","0.069774"
"600938","2026-01-29","0.023897","0.023897"
"600938","2026-01-30","-0.024712","-0.024712"
"600938","2026-02-02","-0.056025","-0.056025"
"600938","2026-02-03","0.007456","0.007456"
"600938","2026-02-04","0.006809","0.006809"
"600938","2026-02-05","-0.009703","-0.009703"
"600938","2026-02-06","0.018409","0.018409"
"600938","2026-02-09","-0.006122","-0.006122"
"600938","2026-02-10","0.006747","0.006747"
"600938","2026-02-11","0.014860","0.014860"
"600938","2026-02-12","0.020385","0.020385"
"600938","2026-02-13","-0.032358","-0.032358"
"600938","2026-02-24","0.082291","0.082291"
"600938","2026-02-25","-0.022300","-0.022300"
"600938","2026-02-26","-0.025282","-0.025282"
"600938","2026-02-27","0.011277","0.011277"
"600938","2026-03-02","0.100084","0.100084"
"600938","2026-03-03","0.100101","0.100101"
"600938","2026-03-04","-0.012900","-0.012900"
"600938","2026-03-05","-0.029172","-0.029172"
"600938","2026-03-06","-0.026683","-0.026683"
"600938","2026-03-09","0.070882","0.070882"
"600938","2026-03-10","-0.054889","-0.054889"
"600938","2026-03-11","0.019034","0.019034"
"600938","2026-03-12","0.029693","0.029693"
"600938","2026-03-13","-0.023256","-0.023256"
"600938","2026-03-16","-0.018810","-0.018810"
"600938","2026-03-17","-0.018199","-0.018199"
"600938","2026-03-18","-0.013841","-0.013841"
"600938","2026-03-19","0.058647","0.058647"
"600938","2026-03-20","-0.007813","-0.007813"
"600938","2026-03-23","0.004534","0.004534"
"600938","2026-03-24","-0.003563","-0.003563"
"600938","2026-03-25","-0.032658","-0.032658"
"600938","2026-03-26","0.008625","0.008625"
"600938","2026-03-27","0.003420","0.003420"
"600938","2026-03-30","0.000730","0.000730"
"600938","2026-03-31","-0.026764","-0.026764"
"600938","2026-04-01","-0.034000","-0.034000"
"600938","2026-04-02","0.017857","0.017857"
"600938","2026-04-03","-0.003814","-0.003814"
"600938","2026-04-07","0.014803","0.014803"
"600938","2026-04-08","-0.060111","-0.060111"
"600938","2026-04-09","0.025154","0.025154"
"600938","2026-04-10","-0.005482","-0.005482"
"600938","2026-04-13","0.000262","0.000262"
"600938","2026-04-14","-0.010758","-0.010758"
"600938","2026-04-15","-0.021485","-0.021485"
"600938","2026-04-16","0.001898","0.001898"
"600938","2026-04-17","0.010281","0.010281"
"600938","2026-04-20","-0.004821","-0.004821"
"601857","2023-01-03","0.008048","0.008048"
"601857","2023-01-04","-0.003992","-0.003992"
"601857","2023-01-05","-0.002004","-0.002004"
"601857","2023-01-06","-0.002008","-0.002008"
"601857","2023-01-09","0.002012","0.002012"
"601857","2023-01-10","-0.004016","-0.004016"
"601857","2023-01-11","0.002016","0.002016"
"601857","2023-01-12","0.014085","0.014085"
"601857","2023-01-13","0.009921","0.009921"
"601857","2023-01-16","0.003929","0.003929"
"601857","2023-01-17","-0.005871","-0.005871"
"601857","2023-01-18","0.001969","0.001969"
"601857","2023-01-19","0.001965","0.001965"
"601857","2023-01-20","0.017647","0.017647"
"601857","2023-01-30","0.003854","0.003854"
"601857","2023-01-31","-0.007678","-0.007678"
"601857","2023-02-01","0.005803","0.005803"
"601857","2023-02-02","-0.003846","-0.003846"
"601857","2023-02-03","-0.001931","-0.001931"
"601857","2023-02-06","-0.003868","-0.003868"
"601857","2023-02-07","0.003883","0.003883"
"601857","2023-02-08","-0.003868","-0.003868"
"601857","2023-02-09","0.003883","0.003883"
"601857","2023-02-10","-0.005803","-0.005803"
"601857","2023-02-13","0.001946","0.001946"
"601857","2023-02-14","0.003883","0.003883"
"601857","2023-02-15","-0.003868","-0.003868"
"601857","2023-02-16","0.000000","0.000000"
"601857","2023-02-17","0.000000","0.000000"
"601857","2023-02-20","0.017476","0.017476"
"601857","2023-02-21","0.003817","0.003817"
"601857","2023-02-22","-0.003802","-0.003802"
"601857","2023-02-23","0.001908","0.001908"
"601857","2023-02-24","-0.003810","-0.003810"
"601857","2023-02-27","-0.003824","-0.003824"
"601857","2023-02-28","0.003839","0.003839"
"601857","2023-03-01","0.009560","0.009560"
"601857","2023-03-02","0.015152","0.015152"
"601857","2023-03-03","0.026119","0.026119"
"601857","2023-03-06","0.001818","0.001818"
"601857","2023-03-07","0.023593","0.023593"
"601857","2023-03-08","-0.012411","-0.012411"
"601857","2023-03-09","0.000000","0.000000"
"601857","2023-03-10","-0.023339","-0.023339"
"601857","2023-03-13","0.044118","0.044118"
"601857","2023-03-14","-0.022887","-0.022887"
"601857","2023-03-15","0.018018","0.018018"
"601857","2023-03-16","-0.030088","-0.030088"
"601857","2023-03-17","0.063869","0.063869"
"601857","2023-03-20","-0.010292","-0.010292"
"601857","2023-03-21","-0.015598","-0.015598"
"601857","2023-03-22","0.003521","0.003521"
"601857","2023-03-23","0.012281","0.012281"
"601857","2023-03-24","-0.022530","-0.022530"
"601857","2023-03-27","-0.010638","-0.010638"
"601857","2023-03-28","0.016129","0.016129"
"601857","2023-03-29","-0.010582","-0.010582"
"601857","2023-03-30","0.069519","0.069519"
"601857","2023-03-31","-0.013333","-0.013333"
"601857","2023-04-03","0.013514","0.013514"
"601857","2023-04-04","0.028333","0.028333"
"601857","2023-04-06","0.001621","0.001621"
"601857","2023-04-07","-0.004854","-0.004854"
"601857","2023-04-10","0.050407","0.050407"
"601857","2023-04-11","0.015480","0.015480"
"601857","2023-04-12","0.041159","0.041159"
"601857","2023-04-13","-0.007321","-0.007321"
"601857","2023-04-14","0.017699","0.017699"
"601857","2023-04-17","0.063768","0.063768"
"601857","2023-04-18","-0.006812","-0.006812"
"601857","2023-04-19","-0.013717","-0.013717"
"601857","2023-04-20","0.018081","0.018081"
"601857","2023-04-21","-0.004098","-0.004098"
"601857","2023-04-24","0.004115","0.004115"
"601857","2023-04-25","0.040984","0.040984"
"601857","2023-04-26","-0.010499","-0.010499"
"601857","2023-04-27","-0.005305","-0.005305"
"601857","2023-04-28","0.052000","0.052000"
"601857","2023-05-04","0.015209","0.015209"
"601857","2023-05-05","-0.004994","-0.004994"
"601857","2023-05-08","0.076537","0.076537"
"601857","2023-05-09","-0.057110","-0.057110"
"601857","2023-05-10","-0.039555","-0.039555"
"601857","2023-05-11","-0.018018","-0.018018"
"601857","2023-05-12","-0.017038","-0.017038"
"601857","2023-05-15","-0.004000","-0.004000"
"601857","2023-05-16","0.006693","0.006693"
"601857","2023-05-17","-0.006649","-0.006649"
"601857","2023-05-18","0.032129","0.032129"
"601857","2023-05-19","-0.023346","-0.023346"
"601857","2023-05-22","-0.005312","-0.005312"
"601857","2023-05-23","-0.018692","-0.018692"
"601857","2023-05-24","-0.017687","-0.017687"
"601857","2023-05-25","-0.008310","-0.008310"
"601857","2023-05-26","-0.006983","-0.006983"
"601857","2023-05-29","0.071730","0.071730"
"601857","2023-05-30","0.006562","0.006562"
"601857","2023-05-31","-0.022164","-0.022164"
"601857","2023-06-01","0.017333","0.017333"
"601857","2023-06-02","0.002621","0.002621"
"601857","2023-06-05","0.009150","0.009150"
"601857","2023-06-06","-0.007772","-0.007772"
"601857","2023-06-07","0.000000","0.000000"
"601857","2023-06-08","0.020888","0.020888"
"601857","2023-06-09","0.005115","0.005115"
"601857","2023-06-12","-0.010178","-0.010178"
"601857","2023-06-13","-0.021851","-0.021851"
"601857","2023-06-14","-0.001314","-0.001314"
"601857","2023-06-15","-0.005263","-0.005263"
"601857","2023-06-16","0.002646","0.002646"
"601857","2023-06-19","-0.007916","-0.007916"
"601857","2023-06-20","-0.019947","-0.019947"
"601857","2023-06-21","0.020353","0.020353"
"601857","2023-06-26","-0.007979","-0.007979"
"601857","2023-06-27","0.036193","0.036193"
"601857","2023-06-28","0.003880","-0.024580"
"601857","2023-06-29","-0.009284","-0.009284"
"601857","2023-06-30","0.000000","0.000000"
"601857","2023-07-03","0.046854","0.046854"
"601857","2023-07-04","-0.003836","-0.003836"
"601857","2023-07-05","0.000000","0.000000"
"601857","2023-07-06","-0.005135","-0.005135"
"601857","2023-07-07","-0.002581","-0.002581"
"601857","2023-07-10","-0.012937","-0.012937"
"601857","2023-07-11","0.001311","0.001311"
"601857","2023-07-12","0.018325","0.018325"
"601857","2023-07-13","0.059126","0.059126"
"601857","2023-07-14","0.000000","0.000000"
"601857","2023-07-17","-0.013350","-0.013350"
"601857","2023-07-18","-0.008610","-0.008610"
"601857","2023-07-19","0.009926","0.009926"
"601857","2023-07-20","-0.014742","-0.014742"
"601857","2023-07-21","-0.001247","-0.001247"
"601857","2023-07-24","-0.006242","-0.006242"
"601857","2023-07-25","0.008794","0.008794"
"601857","2023-07-26","-0.021171","-0.021171"
"601857","2023-07-27","0.001272","0.001272"
"601857","2023-07-28","0.012706","0.012706"
"601857","2023-07-31","-0.006274","-0.006274"
"601857","2023-08-01","0.020202","0.020202"
"601857","2023-08-02","-0.055693","-0.055693"
"601857","2023-08-03","-0.006553","-0.006553"
"601857","2023-08-04","0.005277","0.005277"
"601857","2023-08-07","0.009186","0.009186"
"601857","2023-08-08","0.013004","0.013004"
"601857","2023-08-09","0.001284","0.001284"
"601857","2023-08-10","0.015385","0.015385"
"601857","2023-08-11","-0.016414","-0.016414"
"601857","2023-08-14","0.006418","0.006418"
"601857","2023-08-15","0.000000","0.000000"
"601857","2023-08-16","-0.024235","-0.024235"
"601857","2023-08-17","0.005229","0.005229"
"601857","2023-08-18","-0.001300","-0.001300"
"601857","2023-08-21","-0.015625","-0.015625"
"601857","2023-08-22","0.022487","0.022487"
"601857","2023-08-23","0.002587","0.002587"
"601857","2023-08-24","-0.011613","-0.011613"
"601857","2023-08-25","0.006527","0.006527"
"601857","2023-08-28","0.015564","0.015564"
"601857","2023-08-29","-0.010217","-0.010217"
"601857","2023-08-30","0.001290","0.001290"
"601857","2023-08-31","-0.001289","-0.001289"
"601857","2023-09-01","0.001290","0.001290"
"601857","2023-09-04","0.024485","0.024485"
"601857","2023-09-05","0.000000","0.000000"
"601857","2023-09-06","0.016352","0.016352"
"601857","2023-09-07","0.019802","0.019802"
"601857","2023-09-08","-0.021845","-0.021845"
"601857","2023-09-11","0.008685","0.008685"
"601857","2023-09-12","-0.003690","-0.003690"
"601857","2023-09-13","0.020988","0.020988"
"601857","2023-09-14","0.008464","0.008464"
"601857","2023-09-15","-0.005995","-0.005995"
"601857","2023-09-18","-0.007238","-0.007238"
"601857","2023-09-19","0.010936","0.010936"
"601857","2023-09-20","0.001201","-0.024039"
"601857","2023-09-21","-0.016010","-0.016010"
"601857","2023-09-22","0.015019","0.015019"
"601857","2023-09-25","-0.013564","-0.013564"
"601857","2023-09-26","-0.002500","-0.002500"
"601857","2023-09-27","0.002506","0.002506"
"601857","2023-09-28","-0.002500","-0.002500"
"601857","2023-10-09","-0.008772","-0.008772"
"601857","2023-10-10","-0.015171","-0.015171"
"601857","2023-10-11","-0.016688","-0.016688"
"601857","2023-10-12","0.001305","0.001305"
"601857","2023-10-13","0.000000","0.000000"
"601857","2023-10-16","0.016949","0.016949"
"601857","2023-10-17","0.016667","0.016667"
"601857","2023-10-18","0.006305","0.006305"
"601857","2023-10-19","-0.030075","-0.030075"
"601857","2023-10-20","-0.006460","-0.006460"
"601857","2023-10-23","-0.015605","-0.015605"
"601857","2023-10-24","0.025099","0.025099"
"601857","2023-10-25","-0.055412","-0.055412"
"601857","2023-10-26","0.016371","0.016371"
"601857","2023-10-27","-0.004027","-0.004027"
"601857","2023-10-30","-0.039084","-0.039084"
"601857","2023-10-31","-0.001403","-0.001403"
"601857","2023-11-01","0.005618","0.005618"
"601857","2023-11-02","0.012570","0.012570"
"601857","2023-11-03","0.011034","0.011034"
"601857","2023-11-06","-0.032742","-0.032742"
"601857","2023-11-07","0.000000","0.000000"
"601857","2023-11-08","-0.008463","-0.008463"
"601857","2023-11-09","0.008535","0.008535"
"601857","2023-11-10","-0.001410","-0.001410"
"601857","2023-11-13","0.008475","0.008475"
"601857","2023-11-14","-0.005602","-0.005602"
"601857","2023-11-15","0.011268","0.011268"
"601857","2023-11-16","-0.006964","-0.006964"
"601857","2023-11-17","-0.012623","-0.012623"
"601857","2023-11-20","0.008523","0.008523"
"601857","2023-11-21","0.004225","0.004225"
"601857","2023-11-22","-0.001403","-0.001403"
"601857","2023-11-23","-0.001404","-0.001404"
"601857","2023-11-24","0.001406","0.001406"
"601857","2023-11-27","0.001404","0.001404"
"601857","2023-11-28","-0.008415","-0.008415"
"601857","2023-11-29","-0.001414","-0.001414"
"601857","2023-11-30","0.016997","0.016997"
"601857","2023-12-01","0.000000","0.000000"
"601857","2023-12-04","0.002786","0.002786"
"601857","2023-12-05","-0.019444","-0.019444"
"601857","2023-12-06","-0.035411","-0.035411"
"601857","2023-12-07","-0.004405","-0.004405"
"601857","2023-12-08","0.013274","0.013274"
"601857","2023-12-11","-0.001456","-0.001456"
"601857","2023-12-12","0.007289","0.007289"
"601857","2023-12-13","-0.021708","-0.021708"
"601857","2023-12-14","-0.001479","-0.001479"
"601857","2023-12-15","-0.002963","-0.002963"
"601857","2023-12-18","0.004458","0.004458"
"601857","2023-12-19","0.001479","0.001479"
"601857","2023-12-20","0.000000","0.000000"
"601857","2023-12-21","0.000000","0.000000"
"601857","2023-12-22","0.008863","0.008863"
"601857","2023-12-25","0.013177","0.013177"
"601857","2023-12-26","0.010116","0.010116"
"601857","2023-12-27","0.018598","0.018598"
"601857","2023-12-28","-0.008427","-0.008427"
"601857","2023-12-29","0.000000","0.000000"
"601857","2024-01-02","0.011331","0.011331"
"601857","2024-01-03","0.019608","0.019608"
"601857","2024-01-04","0.020604","0.020604"
"601857","2024-01-05","0.008075","0.008075"
"601857","2024-01-08","-0.002670","-0.002670"
"601857","2024-01-09","-0.001339","-0.001339"
"601857","2024-01-10","-0.006702","-0.006702"
"601857","2024-01-11","-0.024291","-0.024291"
"601857","2024-01-12","0.000000","0.000000"
"601857","2024-01-15","0.013831","0.013831"
"601857","2024-01-16","0.001364","0.001364"
"601857","2024-01-17","-0.019074","-0.019074"
"601857","2024-01-18","-0.001389","-0.001389"
"601857","2024-01-19","-0.006954","-0.006954"
"601857","2024-01-22","-0.012605","-0.012605"
"601857","2024-01-23","-0.005674","-0.005674"
"601857","2024-01-24","0.035663","0.035663"
"601857","2024-01-25","0.100551","0.100551"
"601857","2024-01-26","0.063830","0.063830"
"601857","2024-01-29","-0.011765","-0.011765"
"601857","2024-01-30","0.000000","0.000000"
"601857","2024-01-31","-0.004762","-0.004762"
"601857","2024-02-01","-0.025120","-0.025120"
"601857","2024-02-02","-0.006135","-0.006135"
"601857","2024-02-05","0.025926","0.025926"
"601857","2024-02-06","-0.022864","-0.022864"
"601857","2024-02-07","0.023399","0.023399"
"601857","2024-02-08","-0.003610","-0.003610"
"601857","2024-02-19","0.044686","0.044686"
"601857","2024-02-20","-0.001156","-0.001156"
"601857","2024-02-21","0.008102","0.008102"
"601857","2024-02-22","0.057405","0.057405"
"601857","2024-02-23","-0.015201","-0.015201"
"601857","2024-02-26","-0.025358","-0.025358"
"601857","2024-02-27","0.004525","0.004525"
"601857","2024-02-28","-0.004505","-0.004505"
"601857","2024-02-29","0.000000","0.000000"
"601857","2024-03-01","-0.006787","-0.006787"
"601857","2024-03-04","0.038724","0.038724"
"601857","2024-03-05","-0.007675","-0.007675"
"601857","2024-03-06","-0.007735","-0.007735"
"601857","2024-03-07","0.010022","0.010022"
"601857","2024-03-08","0.012128","0.012128"
"601857","2024-03-11","-0.019608","-0.019608"
"601857","2024-03-12","-0.035556","-0.035556"
"601857","2024-03-13","0.001152","0.001152"
"601857","2024-03-14","0.011507","0.011507"
"601857","2024-03-15","0.006826","0.006826"
"601857","2024-03-18","0.001130","0.001130"
"601857","2024-03-19","0.004515","0.004515"
"601857","2024-03-20","0.026966","0.026966"
"601857","2024-03-21","0.003282","0.003282"
"601857","2024-03-22","-0.009815","-0.009815"
"601857","2024-03-25","0.022026","0.022026"
"601857","2024-03-26","-0.007543","-0.007543"
"601857","2024-03-27","-0.004343","-0.004343"
"601857","2024-03-28","0.008724","0.008724"
"601857","2024-03-29","0.068108","0.068108"
"601857","2024-04-01","-0.014170","-0.014170"
"601857","2024-04-02","0.022587","0.022587"
"601857","2024-04-03","0.022088","0.022088"
"601857","2024-04-08","0.008841","0.008841"
"601857","2024-04-09","-0.014606","-0.014606"
"601857","2024-04-10","0.014822","0.014822"
"601857","2024-04-11","-0.003895","-0.003895"
"601857","2024-04-12","0.003910","0.003910"
"601857","2024-04-15","0.038948","0.038948"
"601857","2024-04-16","0.021556","0.021556"
"601857","2024-04-17","0.002752","0.002752"
"601857","2024-04-18","-0.028362","-0.028362"
"601857","2024-04-19","0.028249","0.028249"
"601857","2024-04-22","-0.026557","-0.026557"
"601857","2024-04-23","-0.026341","-0.026341"
"601857","2024-04-24","0.007729","0.007729"
"601857","2024-04-25","0.010547","0.010547"
"601857","2024-04-26","0.013283","0.013283"
"601857","2024-04-29","-0.043071","-0.043071"
"601857","2024-04-30","0.004892","0.004892"
"601857","2024-05-06","-0.025316","-0.025316"
"601857","2024-05-07","0.010989","0.010989"
"601857","2024-05-08","0.000988","0.000988"
"601857","2024-05-09","-0.005923","-0.005923"
"601857","2024-05-10","0.000993","0.000993"
"601857","2024-05-13","-0.005952","-0.005952"
"601857","2024-05-14","-0.008982","-0.008982"
"601857","2024-05-15","-0.004028","-0.004028"
"601857","2024-05-16","-0.006067","-0.006067"
"601857","2024-05-17","0.009156","0.009156"
"601857","2024-05-20","0.029234","0.029234"
"601857","2024-05-21","-0.007835","-0.007835"
"601857","2024-05-22","-0.007897","-0.007897"
"601857","2024-05-23","-0.013930","-0.013930"
"601857","2024-05-24","0.006054","0.006054"
"601857","2024-05-27","0.027081","0.027081"
"601857","2024-05-28","0.014648","0.014648"
"601857","2024-05-29","0.009625","0.009625"
"601857","2024-05-30","-0.027645","-0.027645"
"601857","2024-05-31","-0.005882","-0.005882"
"601857","2024-06-03","0.001972","0.001972"
"601857","2024-06-04","-0.016732","-0.016732"
"601857","2024-06-05","-0.022022","-0.022022"
"601857","2024-06-06","0.022518","0.022518"
"601857","2024-06-07","0.000000","0.000000"
"601857","2024-06-11","-0.017017","-0.017017"
"601857","2024-06-12","0.018330","0.018330"
"601857","2024-06-13","-0.009000","-0.009000"
"601857","2024-06-14","-0.008073","-0.008073"
"601857","2024-06-17","-0.018311","-0.018311"
"601857","2024-06-18","0.011399","0.011399"
"601857","2024-06-19","0.013320","0.013320"
"601857","2024-06-20","0.017189","0.017189"
"601857","2024-06-21","-0.008946","-0.008946"
"601857","2024-06-24","0.006018","0.006018"
"601857","2024-06-25","0.001994","0.001994"
"601857","2024-06-26","-0.011941","-0.034826"
"601857","2024-06-27","-0.001031","-0.001031"
"601857","2024-06-28","0.065015","0.065015"
"601857","2024-07-01","0.010659","0.010659"
"601857","2024-07-02","0.022052","0.022052"
"601857","2024-07-03","-0.008443","-0.008443"
"601857","2024-07-04","0.006623","0.006623"
"601857","2024-07-05","-0.009398","-0.009398"
"601857","2024-07-08","0.012334","0.012334"
"601857","2024-07-09","-0.002812","-0.002812"
"601857","2024-07-10","-0.029135","-0.029135"
"601857","2024-07-11","0.012585","0.012585"
"601857","2024-07-12","-0.012428","-0.012428"
"601857","2024-07-15","0.013553","0.013553"
"601857","2024-07-16","0.003820","0.003820"
"601857","2024-07-17","-0.039962","-0.039962"
"601857","2024-07-18","0.010902","0.010902"
"601857","2024-07-19","-0.022549","-0.022549"
"601857","2024-07-22","-0.034102","-0.034102"
"601857","2024-07-23","-0.012461","-0.012461"
"601857","2024-07-24","0.005258","0.005258"
"601857","2024-07-25","-0.041841","-0.041841"
"601857","2024-07-26","-0.006550","-0.006550"
"601857","2024-07-29","0.004396","0.004396"
"601857","2024-07-30","-0.039387","-0.039387"
"601857","2024-07-31","0.021640","0.021640"
"601857","2024-08-01","0.006689","0.006689"
"601857","2024-08-02","-0.018826","-0.018826"
"601857","2024-08-05","-0.049661","-0.049661"
"601857","2024-08-06","0.008314","0.008314"
"601857","2024-08-07","0.011779","0.011779"
"601857","2024-08-08","-0.004657","-0.004657"
"601857","2024-08-09","0.022222","0.022222"
"601857","2024-08-12","-0.003432","-0.003432"
"601857","2024-08-13","0.009185","0.009185"
"601857","2024-08-14","-0.001138","-0.001138"
"601857","2024-08-15","0.009112","0.009112"
"601857","2024-08-16","0.016930","0.016930"
"601857","2024-08-19","0.006659","0.006659"
"601857","2024-08-20","-0.019846","-0.019846"
"601857","2024-08-21","0.004499","0.004499"
"601857","2024-08-22","-0.003359","-0.003359"
"601857","2024-08-23","0.003371","0.003371"
"601857","2024-08-26","0.013438","0.013438"
"601857","2024-08-27","0.029834","0.029834"
"601857","2024-08-28","-0.015021","-0.015021"
"601857","2024-08-29","-0.030501","-0.030501"
"601857","2024-08-30","0.003371","0.003371"
"601857","2024-09-02","0.008959","0.008959"
"601857","2024-09-03","-0.033296","-0.033296"
"601857","2024-09-04","-0.052813","-0.052813"
"601857","2024-09-05","-0.014545","-0.014545"
"601857","2024-09-06","-0.011070","-0.011070"
"601857","2024-09-09","-0.027363","-0.027363"
"601857","2024-09-10","0.010230","0.010230"
"601857","2024-09-11","-0.018987","-0.018987"
"601857","2024-09-12","0.011613","0.011613"
"601857","2024-09-13","0.007653","0.007653"
"601857","2024-09-18","0.020253","0.020253"
"601857","2024-09-19","0.001240","-0.026055"
"601857","2024-09-20","0.007643","0.007643"
"601857","2024-09-23","0.012642","0.012642"
"601857","2024-09-24","0.043695","0.043695"
"601857","2024-09-25","0.004785","0.004785"
"601857","2024-09-26","-0.001190","-0.001190"
"601857","2024-09-27","-0.001192","-0.001192"
"601857","2024-09-30","0.076372","0.076372"
"601857","2024-10-08","0.035477","0.035477"
"601857","2024-10-09","-0.095289","-0.095289"
"601857","2024-10-10","0.034320","0.034320"
"601857","2024-10-11","-0.004577","-0.004577"
"601857","2024-10-14","0.005747","0.005747"
"601857","2024-10-15","-0.036571","-0.036571"
"601857","2024-10-16","-0.001186","-0.001186"
"601857","2024-10-17","-0.008314","-0.008314"
"601857","2024-10-18","0.022754","0.022754"
"601857","2024-10-21","-0.009368","-0.009368"
"601857","2024-10-22","0.000000","0.000000"
"601857","2024-10-23","0.002364","0.002364"
"601857","2024-10-24","-0.003538","-0.003538"
"601857","2024-10-25","-0.007101","-0.007101"
"601857","2024-10-28","-0.002384","-0.002384"
"601857","2024-10-29","-0.020311","-0.020311"
"601857","2024-10-30","-0.010976","-0.010976"
"601857","2024-10-31","-0.001233","-0.001233"
"601857","2024-11-01","0.024691","0.024691"
"601857","2024-11-04","-0.012048","-0.012048"
"601857","2024-11-05","0.009756","0.009756"
"601857","2024-11-06","-0.002415","-0.002415"
"601857","2024-11-07","0.010896","0.010896"
"601857","2024-11-08","-0.011976","-0.011976"
"601857","2024-11-11","-0.019394","-0.019394"
"601857","2024-11-12","-0.011125","-0.011125"
"601857","2024-11-13","0.008750","0.008750"
"601857","2024-11-14","-0.004957","-0.004957"
"601857","2024-11-15","0.000000","0.000000"
"601857","2024-11-18","0.014944","0.014944"
"601857","2024-11-19","-0.002454","-0.002454"
"601857","2024-11-20","0.000000","0.000000"
"601857","2024-11-21","-0.002460","-0.002460"
"601857","2024-11-22","-0.012330","-0.012330"
"601857","2024-11-25","0.002497","0.002497"
"601857","2024-11-26","-0.001245","-0.001245"
"601857","2024-11-27","0.001247","0.001247"
"601857","2024-11-28","0.000000","0.000000"
"601857","2024-11-29","0.001245","0.001245"
"601857","2024-12-02","-0.002488","-0.002488"
"601857","2024-12-03","0.009975","0.009975"
"601857","2024-12-04","0.041975","0.041975"
"601857","2024-12-05","-0.017773","-0.017773"
"601857","2024-12-06","0.003619","0.003619"
"601857","2024-12-09","0.013221","0.013221"
"601857","2024-12-10","-0.008304","-0.008304"
"601857","2024-12-11","0.010766","0.010766"
"601857","2024-12-12","0.000000","0.000000"
"601857","2024-12-13","-0.020118","-0.020118"
"601857","2024-12-16","0.020531","0.020531"
"601857","2024-12-17","0.003550","0.003550"
"601857","2024-12-18","0.003538","0.003538"
"601857","2024-12-19","-0.010576","-0.010576"
"601857","2024-12-20","-0.009501","-0.009501"
"601857","2024-12-23","0.028777","0.028777"
"601857","2024-12-24","0.023310","0.023310"
"601857","2024-12-25","0.027335","0.027335"
"601857","2024-12-26","-0.005543","-0.005543"
"601857","2024-12-27","-0.005574","-0.005574"
"601857","2024-12-30","0.008969","0.008969"
"601857","2024-12-31","-0.006667","-0.006667"
"601857","2025-01-02","-0.019016","-0.019016"
"601857","2025-01-03","0.009122","0.009122"
"601857","2025-01-06","0.006780","0.006780"
"601857","2025-01-07","-0.007856","-0.007856"
"601857","2025-01-08","0.023756","0.023756"
"601857","2025-01-09","-0.025414","-0.025414"
"601857","2025-01-10","-0.007937","-0.007937"
"601857","2025-01-13","0.013714","0.013714"
"601857","2025-01-14","0.003382","0.003382"
"601857","2025-01-15","-0.004494","-0.004494"
"601857","2025-01-16","0.015801","0.015801"
"601857","2025-01-17","-0.018889","-0.018889"
"601857","2025-01-20","-0.029445","-0.029445"
"601857","2025-01-21","-0.014002","-0.014002"
"601857","2025-01-22","-0.026036","-0.026036"
"601857","2025-01-23","0.003645","0.003645"
"601857","2025-01-24","-0.004843","-0.004843"
"601857","2025-01-27","0.013382","0.013382"
"601857","2025-02-05","-0.021609","-0.021609"
"601857","2025-02-06","0.006135","0.006135"
"601857","2025-02-07","0.007317","0.007317"
"601857","2025-02-10","-0.003632","-0.003632"
"601857","2025-02-11","0.007290","0.007290"
"601857","2025-02-12","-0.001206","-0.001206"
"601857","2025-02-13","-0.006039","-0.006039"
"601857","2025-02-14","-0.014581","-0.014581"
"601857","2025-02-17","-0.006165","-0.006165"
"601857","2025-02-18","0.001241","0.001241"
"601857","2025-02-19","-0.011152","-0.011152"
"601857","2025-02-20","0.003759","0.003759"
"601857","2025-02-21","-0.002497","-0.002497"
"601857","2025-02-24","-0.011264","-0.011264"
"601857","2025-02-25","-0.011392","-0.011392"
"601857","2025-02-26","-0.002561","-0.002561"
"601857","2025-02-27","0.011553","0.011553"
"601857","2025-02-28","-0.002538","-0.002538"
"601857","2025-03-03","-0.003817","-0.003817"
"601857","2025-03-04","-0.026820","-0.026820"
"601857","2025-03-05","0.003937","0.003937"
"601857","2025-03-06","0.000000","0.000000"
"601857","2025-03-07","0.005229","0.005229"
"601857","2025-03-10","-0.003901","-0.003901"
"601857","2025-03-11","0.005222","0.005222"
"601857","2025-03-12","-0.003896","-0.003896"
"601857","2025-03-13","0.019557","0.019557"
"601857","2025-03-14","0.002558","0.002558"
"601857","2025-03-17","0.010204","0.010204"
"601857","2025-03-18","-0.002525","-0.002525"
"601857","2025-03-19","-0.002532","-0.002532"
"601857","2025-03-20","0.008883","0.008883"
"601857","2025-03-21","0.001258","0.001258"
"601857","2025-03-24","0.003769","0.003769"
"601857","2025-03-25","0.011264","0.011264"
"601857","2025-03-26","0.003713","0.003713"
"601857","2025-03-27","0.008631","0.008631"
"601857","2025-03-28","-0.012225","-0.012225"
"601857","2025-03-31","0.017327","0.017327"
"601857","2025-04-01","0.003650","0.003650"
"601857","2025-04-02","-0.009697","-0.009697"
"601857","2025-04-03","-0.003672","-0.003672"
"601857","2025-04-07","-0.098280","-0.098280"
"601857","2025-04-08","0.049046","0.049046"
"601857","2025-04-09","-0.020779","-0.020779"
"601857","2025-04-10","0.005305","0.005305"
"601857","2025-04-11","-0.002639","-0.002639"
"601857","2025-04-14","0.017196","0.017196"
"601857","2025-04-15","0.007802","0.007802"
"601857","2025-04-16","0.029677","0.029677"
"601857","2025-04-17","0.001253","0.001253"
"601857","2025-04-18","0.000000","0.000000"
"601857","2025-04-21","-0.006258","-0.006258"
"601857","2025-04-22","0.008816","0.008816"
"601857","2025-04-23","-0.001248","-0.001248"
"601857","2025-04-24","0.000000","0.000000"
"601857","2025-04-25","-0.005000","-0.005000"
"601857","2025-04-28","0.007538","0.007538"
"601857","2025-04-29","-0.009975","-0.009975"
"601857","2025-04-30","0.006297","0.006297"
"601857","2025-05-06","-0.003755","-0.003755"
"601857","2025-05-07","0.017588","0.017588"
"601857","2025-05-08","-0.006173","-0.006173"
"601857","2025-05-09","0.006211","0.006211"
"601857","2025-05-12","0.004938","0.004938"
"601857","2025-05-13","0.007371","0.007371"
"601857","2025-05-14","0.015854","0.015854"
"601857","2025-05-15","-0.006002","-0.006002"
"601857","2025-05-16","-0.015700","-0.015700"
"601857","2025-05-19","0.003681","0.003681"
"601857","2025-05-20","0.002445","0.002445"
"601857","2025-05-21","0.008537","0.008537"
"601857","2025-05-22","0.003628","0.003628"
"601857","2025-05-23","-0.014458","-0.014458"
"601857","2025-05-26","0.001222","0.001222"
"601857","2025-05-27","-0.002442","-0.002442"
"601857","2025-05-28","0.020808","0.020808"
"601857","2025-05-29","-0.003597","-0.003597"
"601857","2025-05-30","-0.002407","-0.002407"
"601857","2025-06-03","0.001206","0.001206"
"601857","2025-06-04","0.010843","0.010843"
"601857","2025-06-05","0.000000","0.000000"
"601857","2025-06-06","0.014303","0.014303"
"601857","2025-06-09","0.014101","0.014101"
"601857","2025-06-10","0.010429","0.010429"
"601857","2025-06-11","0.014908","0.014908"
"601857","2025-06-12","0.003390","0.003390"
"601857","2025-06-13","0.012387","0.012387"
"601857","2025-06-16","0.003337","0.003337"
"601857","2025-06-17","0.017738","0.017738"
"601857","2025-06-18","0.000000","0.000000"
"601857","2025-06-19","0.007625","0.007625"
"601857","2025-06-20","-0.009730","-0.009730"
"601857","2025-06-23","-0.007642","-0.007642"
"601857","2025-06-24","-0.014301","-0.014301"
"601857","2025-06-25","-0.002233","-0.030134"
"601857","2025-06-26","0.005754","0.005754"
"601857","2025-06-27","-0.013730","-0.013730"
"601857","2025-06-30","-0.008121","-0.008121"
"601857","2025-07-01","0.010526","0.010526"
"601857","2025-07-02","-0.004630","-0.004630"
"601857","2025-07-03","-0.005814","-0.005814"
"601857","2025-07-04","0.005848","0.005848"
"601857","2025-07-07","-0.008140","-0.008140"
"601857","2025-07-08","0.004689","0.004689"
"601857","2025-07-09","0.001167","0.001167"
"601857","2025-07-10","0.009324","0.009324"
"601857","2025-07-11","-0.001155","-0.001155"
"601857","2025-07-14","0.026590","0.026590"
"601857","2025-07-15","0.005631","0.005631"
"601857","2025-07-16","0.005599","0.005599"
"601857","2025-07-17","-0.007795","-0.007795"
"601857","2025-07-18","0.000000","0.000000"
"601857","2025-07-21","0.002245","0.002245"
"601857","2025-07-22","0.008959","0.008959"
"601857","2025-07-23","-0.007769","-0.007769"
"601857","2025-07-24","-0.016779","-0.016779"
"601857","2025-07-25","-0.013652","-0.013652"
"601857","2025-07-28","-0.012687","-0.012687"
"601857","2025-07-29","0.018692","0.018692"
"601857","2025-07-30","0.018349","0.018349"
"601857","2025-07-31","-0.001126","-0.001126"
"601857","2025-08-01","-0.040586","-0.040586"
"601857","2025-08-04","-0.004700","-0.004700"
"601857","2025-08-05","0.014168","0.014168"
"601857","2025-08-06","0.005821","0.005821"
"601857","2025-08-07","0.004630","0.004630"
"601857","2025-08-08","0.010369","0.010369"
"601857","2025-08-11","-0.020525","-0.020525"
"601857","2025-08-12","0.020955","0.020955"
"601857","2025-08-13","-0.006842","-0.006842"
"601857","2025-08-14","-0.006889","-0.006889"
"601857","2025-08-15","-0.002312","-0.002312"
"601857","2025-08-18","-0.005794","-0.005794"
"601857","2025-08-19","-0.006993","-0.006993"
"601857","2025-08-20","0.011737","0.011737"
"601857","2025-08-21","0.015081","0.015081"
"601857","2025-08-22","-0.006857","-0.006857"
"601857","2025-08-25","0.009206","0.009206"
"601857","2025-08-26","0.000000","0.000000"
"601857","2025-08-27","-0.015964","-0.015964"
"601857","2025-08-28","0.001159","0.001159"
"601857","2025-08-29","0.009259","0.009259"
"601857","2025-09-01","-0.001147","-0.001147"
"601857","2025-09-02","0.042480","0.042480"
"601857","2025-09-03","0.002203","0.002203"
"601857","2025-09-04","-0.012088","-0.012088"
"601857","2025-09-05","-0.010011","-0.010011"
"601857","2025-09-08","-0.001124","-0.001124"
"601857","2025-09-09","-0.011249","-0.011249"
"601857","2025-09-10","-0.003413","-0.003413"
"601857","2025-09-11","-0.003425","-0.003425"
"601857","2025-09-12","-0.004582","-0.004582"
"601857","2025-09-15","0.009206","0.009206"
"601857","2025-09-16","-0.014823","-0.014823"
"601857","2025-09-17","0.004629","-0.020834"
"601857","2025-09-18","-0.029551","-0.029551"
"601857","2025-09-19","-0.007308","-0.007308"
"601857","2025-09-22","-0.006135","-0.006135"
"601857","2025-09-23","0.004938","0.004938"
"601857","2025-09-24","-0.001229","-0.001229"
"601857","2025-09-25","0.001230","0.001230"
"601857","2025-09-26","0.002457","0.002457"
"601857","2025-09-29","0.001225","0.001225"
"601857","2025-09-30","-0.013464","-0.013464"
"601857","2025-10-09","0.027295","0.027295"
"601857","2025-10-10","0.000000","0.000000"
"601857","2025-10-13","-0.006039","-0.006039"
"601857","2025-10-14","0.012151","0.012151"
"601857","2025-10-15","-0.004802","-0.004802"
"601857","2025-10-16","0.016888","0.016888"
"601857","2025-10-17","-0.002372","-0.002372"
"601857","2025-10-20","0.024970","0.024970"
"601857","2025-10-21","0.016241","0.016241"
"601857","2025-10-22","0.015982","0.015982"
"601857","2025-10-23","0.031461","0.031461"
"601857","2025-10-24","-0.013072","-0.013072"
"601857","2025-10-27","0.012141","0.012141"
"601857","2025-10-28","-0.005453","-0.005453"
"601857","2025-10-29","-0.003289","-0.003289"
"601857","2025-10-30","0.001100","0.001100"
"601857","2025-10-31","0.005495","0.005495"
"601857","2025-11-03","0.044809","0.044809"
"601857","2025-11-04","0.001046","0.001046"
"601857","2025-11-05","-0.004180","-0.004180"
"601857","2025-11-06","0.006296","0.006296"
"601857","2025-11-07","0.012513","0.012513"
"601857","2025-11-10","0.016478","0.016478"
"601857","2025-11-11","-0.010132","-0.010132"
"601857","2025-11-12","0.017400","0.017400"
"601857","2025-11-13","-0.002012","-0.002012"
"601857","2025-11-14","-0.010081","-0.010081"
"601857","2025-11-17","0.005092","0.005092"
"601857","2025-11-18","0.000000","0.000000"
"601857","2025-11-19","0.040527","0.040527"
"601857","2025-11-20","-0.014606","-0.014606"
"601857","2025-11-21","-0.008893","-0.008893"
"601857","2025-11-24","-0.024925","-0.024925"
"601857","2025-11-25","0.002045","0.002045"
"601857","2025-11-26","-0.008163","-0.008163"
"601857","2025-11-27","0.013374","0.013374"
"601857","2025-11-28","-0.010152","-0.010152"
"601857","2025-12-01","0.021538","0.021538"
"601857","2025-12-02","0.004016","0.004016"
"601857","2025-12-03","-0.007000","-0.007000"
"601857","2025-12-04","0.008056","0.008056"
"601857","2025-12-05","-0.010989","-0.010989"
"601857","2025-12-08","-0.005051","-0.005051"
"601857","2025-12-09","-0.013198","-0.013198"
"601857","2025-12-10","-0.012346","-0.012346"
"601857","2025-12-11","0.006250","0.006250"
"601857","2025-12-12","-0.013458","-0.013458"
"601857","2025-12-15","-0.003148","-0.003148"
"601857","2025-12-16","0.006316","0.006316"
"601857","2025-12-17","-0.005230","-0.005230"
"601857","2025-12-18","0.021030","0.021030"
"601857","2025-12-19","-0.006179","-0.006179"
"601857","2025-12-22","0.007254","0.007254"
"601857","2025-12-23","0.017490","0.017490"
"601857","2025-12-24","-0.004044","-0.004044"
"601857","2025-12-25","-0.002030","-0.002030"
"601857","2025-12-26","0.002035","0.002035"
"601857","2025-12-29","0.021320","0.021320"
"601857","2025-12-30","0.018887","0.018887"
"601857","2025-12-31","0.015610","0.015610"
"601857","2026-01-05","-0.032661","-0.032661"
"601857","2026-01-06","0.019861","0.019861"
"601857","2026-01-07","-0.036027","-0.036027"
"601857","2026-01-08","-0.010101","-0.010101"
"601857","2026-01-09","0.007143","0.007143"
"601857","2026-01-12","-0.001013","-0.001013"
"601857","2026-01-13","0.022312","0.022312"
"601857","2026-01-14","-0.022817","-0.022817"
"601857","2026-01-15","0.012183","0.012183"
"601857","2026-01-16","-0.017051","-0.017051"
"601857","2026-01-19","0.002041","0.002041"
"601857","2026-01-20","0.010183","0.010183"
"601857","2026-01-21","0.008065","0.008065"
"601857","2026-01-22","0.015000","0.015000"
"601857","2026-01-23","-0.031527","-0.031527"
"601857","2026-01-26","0.056968","0.056968"
"601857","2026-01-27","0.004812","0.004812"
"601857","2026-01-28","0.031609","0.031609"
"601857","2026-01-29","0.011142","0.011142"
"601857","2026-01-30","0.011938","0.011938"
"601857","2026-02-02","-0.030853","-0.030853"
"601857","2026-02-03","-0.019663","-0.019663"
"601857","2026-02-04","0.008596","0.008596"
"601857","2026-02-05","-0.002841","-0.002841"
"601857","2026-02-06","0.022792","0.022792"
"601857","2026-02-09","-0.001857","-0.001857"
"601857","2026-02-10","0.000930","0.000930"
"601857","2026-02-11","0.008364","0.008364"
"601857","2026-02-12","0.017512","0.017512"
"601857","2026-02-13","-0.045290","-0.045290"
"601857","2026-02-24","0.052182","0.052182"
"601857","2026-02-25","-0.009017","-0.009017"
"601857","2026-02-26","-0.009099","-0.009099"
"601857","2026-02-27","-0.002755","-0.002755"
"601857","2026-03-02","0.100368","0.100368"
"601857","2026-03-03","0.100418","0.100418"
"601857","2026-03-04","0.006844","0.006844"
"601857","2026-03-05","-0.041541","-0.041541"
"601857","2026-03-06","-0.030733","-0.030733"
"601857","2026-03-09","0.050407","0.050407"
"601857","2026-03-10","-0.071981","-0.071981"
"601857","2026-03-11","0.011676","0.011676"
"601857","2026-03-12","0.008244","0.008244"
"601857","2026-03-13","-0.014718","-0.014718"
"601857","2026-03-16","-0.004979","-0.004979"
"601857","2026-03-17","0.002502","0.002502"
"601857","2026-03-18","-0.013311","-0.013311"
"601857","2026-03-19","0.052277","0.052277"
"601857","2026-03-20","-0.019231","-0.019231"
"601857","2026-03-23","0.008170","0.008170"
"601857","2026-03-24","-0.028363","-0.028363"
"601857","2026-03-25","-0.024187","-0.024187"
"601857","2026-03-26","0.020513","0.020513"
"601857","2026-03-27","0.010888","0.010888"
"601857","2026-03-30","0.030655","0.030655"
"601857","2026-03-31","-0.020096","-0.020096"
"601857","2026-04-01","-0.009844","-0.009844"
"601857","2026-04-02","0.023198","0.023198"
"601857","2026-04-03","-0.001619","-0.001619"
"601857","2026-04-07","0.018654","0.018654"
"601857","2026-04-08","-0.046178","-0.046178"
"601857","2026-04-09","0.010017","0.010017"
"601857","2026-04-10","-0.009091","-0.009091"
"601857","2026-04-13","0.008340","0.008340"
"601857","2026-04-14","-0.013234","-0.013234"
"601857","2026-04-15","-0.014250","-0.014250"
"601857","2026-04-16","-0.009354","-0.009354"
"601857","2026-04-17","-0.010300","-0.010300"
"601857","2026-04-20","-0.004337","-0.004337"
