stockid,date,eventdate,sreturn,mreturn
600028,2023-01-03,2026-02-28,0.009174,0.004201
600028,2023-01-04,2026-02-28,0.002273,0.001299
600028,2023-01-05,2026-02-28,-0.004535,0.019427
600028,2023-01-06,2026-02-28,-0.002278,0.003102
600028,2023-01-09,2026-02-28,0.0,0.008096
600028,2023-01-10,2026-02-28,-0.002283,0.001085
600028,2023-01-11,2026-02-28,0.009153,-0.001853
600028,2023-01-12,2026-02-28,0.006803,0.001955
600028,2023-01-13,2026-02-28,0.002252,0.014064
600028,2023-01-16,2026-02-28,0.004494,0.015607
600028,2023-01-17,2026-02-28,-0.004474,-0.000174
600028,2023-01-18,2026-02-28,0.004494,-0.001675
600028,2023-01-19,2026-02-28,0.004474,0.006221
600028,2023-01-20,2026-02-28,0.011136,0.00614
600028,2023-01-30,2026-02-28,-0.004405,0.004739
600028,2023-01-31,2026-02-28,0.0,-0.010589
600028,2023-02-01,2026-02-28,0.0,0.0094
600028,2023-02-02,2026-02-28,0.0,-0.003523
600028,2023-02-03,2026-02-28,-0.011062,-0.009451
600028,2023-02-06,2026-02-28,0.004474,-0.01322
600028,2023-02-07,2026-02-28,0.002227,0.0018
600028,2023-02-08,2026-02-28,0.002222,-0.004419
600028,2023-02-09,2026-02-28,0.0,0.013423
600028,2023-02-10,2026-02-28,-0.002217,-0.005942
600028,2023-02-13,2026-02-28,-0.002222,0.009075
600028,2023-02-14,2026-02-28,0.004454,0.000414
600028,2023-02-15,2026-02-28,0.0,-0.005211
600028,2023-02-16,2026-02-28,0.0,-0.007324
600028,2023-02-17,2026-02-28,0.002217,-0.014408
600028,2023-02-20,2026-02-28,0.022124,0.024534
600028,2023-02-21,2026-02-28,0.015152,0.002628
600028,2023-02-22,2026-02-28,-0.008529,-0.009025
600028,2023-02-23,2026-02-28,0.0,-0.000805
600028,2023-02-24,2026-02-28,-0.004301,-0.010381
600028,2023-02-27,2026-02-28,-0.00432,-0.004236
600028,2023-02-28,2026-02-28,0.010846,0.006334
600028,2023-03-01,2026-02-28,0.019313,0.014125
600028,2023-03-02,2026-02-28,0.021053,-0.00223
600028,2023-03-03,2026-02-28,0.035052,0.003112
600028,2023-03-06,2026-02-28,0.015936,-0.005215
600028,2023-03-07,2026-02-28,0.031373,-0.014641
600028,2023-03-08,2026-02-28,0.009506,-0.003642
600028,2023-03-09,2026-02-28,0.0,-0.003534
600028,2023-03-10,2026-02-28,-0.018832,-0.013114
600028,2023-03-13,2026-02-28,0.06142,0.010474
600028,2023-03-14,2026-02-28,-0.001808,-0.005985
600028,2023-03-15,2026-02-28,0.001812,0.000554
600028,2023-03-16,2026-02-28,-0.014467,-0.011977
600028,2023-03-17,2026-02-28,0.042202,0.004993
600028,2023-03-20,2026-02-28,-0.003521,-0.004987
600028,2023-03-21,2026-02-28,-0.015901,0.010993
600028,2023-03-22,2026-02-28,0.012567,0.004285
600028,2023-03-23,2026-02-28,0.010638,0.009913
600028,2023-03-24,2026-02-28,-0.031579,-0.002982
600028,2023-03-27,2026-02-28,-0.030797,-0.003618
600028,2023-03-28,2026-02-28,0.039252,-0.00323
600028,2023-03-29,2026-02-28,-0.016187,0.001657
600028,2023-03-30,2026-02-28,0.023766,0.008083
600028,2023-03-31,2026-02-28,0.003571,0.00307
600028,2023-04-03,2026-02-28,-0.010676,0.009786
600028,2023-04-04,2026-02-28,0.041367,0.003065
600028,2023-04-06,2026-02-28,0.003454,-0.001576
600028,2023-04-07,2026-02-28,-0.017212,0.006503
600028,2023-04-10,2026-02-28,0.031524,-0.004479
600028,2023-04-11,2026-02-28,0.018676,-0.001136
600028,2023-04-12,2026-02-28,0.026667,-0.000698
600028,2023-04-13,2026-02-28,-0.01461,-0.006909
600028,2023-04-14,2026-02-28,0.004942,0.005657
600028,2023-04-17,2026-02-28,0.040984,0.014024
600028,2023-04-18,2026-02-28,-0.00315,0.003048
600028,2023-04-19,2026-02-28,-0.007899,-0.009004
600028,2023-04-20,2026-02-28,0.009554,-0.002798
600028,2023-04-21,2026-02-28,-0.014196,-0.01956
600028,2023-04-24,2026-02-28,0.0112,-0.01238
600028,2023-04-25,2026-02-28,0.033228,-0.005016
600028,2023-04-26,2026-02-28,-0.003063,-0.000867
600028,2023-04-27,2026-02-28,0.012289,0.007372
600028,2023-04-28,2026-02-28,0.018209,0.010196
600028,2023-05-04,2026-02-28,0.0,0.000288
600028,2023-05-05,2026-02-28,-0.017884,-0.003317
600028,2023-05-08,2026-02-28,0.045524,0.011398
600028,2023-05-09,2026-02-28,-0.011611,-0.008563
600028,2023-05-10,2026-02-28,-0.049927,-0.007698
600028,2023-05-11,2026-02-28,-0.021638,-0.001553
600028,2023-05-12,2026-02-28,0.00158,-0.013256
600028,2023-05-15,2026-02-28,0.006309,0.015523
600028,2023-05-16,2026-02-28,0.004702,-0.005172
600028,2023-05-17,2026-02-28,0.00624,-0.004535
600028,2023-05-18,2026-02-28,0.021705,-0.001034
600028,2023-05-19,2026-02-28,-0.027314,-0.002915
600028,2023-05-22,2026-02-28,-0.014041,0.006284
600028,2023-05-23,2026-02-28,-0.014241,-0.014143
600028,2023-05-24,2026-02-28,-0.022472,-0.013824
600028,2023-05-25,2026-02-28,0.0,-0.002227
600028,2023-05-26,2026-02-28,0.014778,0.000117
600028,2023-05-29,2026-02-28,0.053398,-0.004417
600028,2023-05-30,2026-02-28,-0.009217,0.000994
600028,2023-05-31,2026-02-28,-0.013953,-0.010217
600028,2023-06-01,2026-02-28,0.02044,0.002192
600028,2023-06-02,2026-02-28,0.0,0.014439
600028,2023-06-05,2026-02-28,0.012327,-0.004554
600028,2023-06-06,2026-02-28,-0.003044,-0.009387
600028,2023-06-07,2026-02-28,-0.001527,-0.004942
600028,2023-06-08,2026-02-28,0.019878,0.00814
600028,2023-06-09,2026-02-28,0.016492,0.004323
600028,2023-06-12,2026-02-28,-0.023599,0.002014
600028,2023-06-13,2026-02-28,-0.007553,0.005326
600028,2023-06-14,2026-02-28,0.001522,-0.000228
600028,2023-06-15,2026-02-28,-0.009119,0.015909
600028,2023-06-16,2026-02-28,-0.001534,0.009643
600028,2023-06-19,2026-02-28,-0.004608,-0.008186
600028,2023-06-20,2026-02-28,-0.024691,-0.001697
600028,2023-06-21,2026-02-28,-0.017406,-0.015342
600028,2023-06-26,2026-02-28,-0.022544,-0.014062
600028,2023-06-27,2026-02-28,0.024712,0.009381
600028,2023-06-28,2026-02-28,0.016077,-0.001205
600028,2023-06-29,2026-02-28,-0.003165,-0.004935
600028,2023-06-30,2026-02-28,0.009524,0.005392
600028,2023-07-03,2026-02-28,0.02673,0.013124
600028,2023-07-04,2026-02-28,-0.004594,0.001575
600028,2023-07-05,2026-02-28,-0.003077,-0.007748
600028,2023-07-06,2026-02-28,0.001543,-0.006733
600028,2023-07-07,2026-02-28,0.009245,-0.004438
600028,2023-07-10,2026-02-28,-0.016794,0.004869
600028,2023-07-11,2026-02-28,0.001553,0.006544
600028,2023-07-12,2026-02-28,0.004651,-0.006732
600028,2023-07-13,2026-02-28,0.026235,0.014306
600028,2023-07-14,2026-02-28,0.001504,0.000174
600028,2023-07-17,2026-02-28,-0.015015,-0.008189
600028,2023-07-18,2026-02-28,-0.010671,-0.003164
600028,2023-07-19,2026-02-28,0.006163,-0.001057
600028,2023-07-20,2026-02-28,-0.024502,-0.007056
600028,2023-07-21,2026-02-28,-0.00157,-0.000467
600028,2023-07-24,2026-02-28,0.0,-0.004367
600028,2023-07-25,2026-02-28,0.015723,0.02888
600028,2023-07-26,2026-02-28,-0.029412,-0.002069
600028,2023-07-27,2026-02-28,-0.00638,-0.001195
600028,2023-07-28,2026-02-28,0.004815,0.023164
600028,2023-07-31,2026-02-28,-0.009585,0.005483
600028,2023-08-01,2026-02-28,0.01129,-0.004142
600028,2023-08-02,2026-02-28,-0.038278,-0.00703
600028,2023-08-03,2026-02-28,-0.006633,0.008839
600028,2023-08-04,2026-02-28,0.010017,0.003894
600028,2023-08-07,2026-02-28,0.013223,-0.007568
600028,2023-08-08,2026-02-28,0.003263,-0.002612
600028,2023-08-09,2026-02-28,-0.003252,-0.003057
600028,2023-08-10,2026-02-28,0.011419,0.002055
600028,2023-08-11,2026-02-28,-0.019355,-0.023005
600028,2023-08-14,2026-02-28,0.003289,-0.007298
600028,2023-08-15,2026-02-28,0.011475,-0.00243
600028,2023-08-16,2026-02-28,-0.016207,-0.007332
600028,2023-08-17,2026-02-28,0.008237,0.003344
600028,2023-08-18,2026-02-28,-0.00817,-0.012293
600028,2023-08-21,2026-02-28,-0.004942,-0.014389
600028,2023-08-22,2026-02-28,0.02649,0.007688
600028,2023-08-23,2026-02-28,-0.001613,-0.016389
600028,2023-08-24,2026-02-28,-0.008078,0.007248
600028,2023-08-25,2026-02-28,0.003257,-0.003834
600028,2023-08-28,2026-02-28,0.006494,0.011719
600028,2023-08-29,2026-02-28,-0.016129,0.00999
600028,2023-08-30,2026-02-28,-0.003279,-0.000421
600028,2023-08-31,2026-02-28,-0.001645,-0.006135
600028,2023-09-01,2026-02-28,0.00659,0.006964
600028,2023-09-04,2026-02-28,0.031097,0.015155
600028,2023-09-05,2026-02-28,0.006349,-0.00744
600028,2023-09-06,2026-02-28,-0.004732,-0.00217
600028,2023-09-07,2026-02-28,0.0,-0.014048
600028,2023-09-08,2026-02-28,-0.012678,-0.004917
600028,2023-09-11,2026-02-28,0.004815,0.007365
600028,2023-09-12,2026-02-28,0.001597,-0.00184
600028,2023-09-13,2026-02-28,0.00319,-0.00637
600028,2023-09-14,2026-02-28,0.006359,-0.000841
600028,2023-09-15,2026-02-28,-0.037915,-0.006624
600028,2023-09-18,2026-02-28,-0.013136,0.005105
600028,2023-09-19,2026-02-28,0.023295,-0.001934
600028,2023-09-20,2026-02-28,-0.001626,-0.003981
600028,2023-09-21,2026-02-28,-0.003257,-0.008971
600028,2023-09-22,2026-02-28,0.019608,0.018105
600028,2023-09-25,2026-02-28,-0.016026,-0.006507
600028,2023-09-26,2026-02-28,-0.004886,-0.005845
600028,2023-09-27,2026-02-28,0.008183,0.002059
600028,2023-09-28,2026-02-28,-0.01461,-0.002967
600028,2023-10-09,2026-02-28,-0.001647,-0.001298
600028,2023-10-10,2026-02-28,-0.021452,-0.007491
600028,2023-10-11,2026-02-28,-0.021922,0.00285
600028,2023-10-12,2026-02-28,0.003448,0.009498
600028,2023-10-13,2026-02-28,0.005155,-0.010526
600028,2023-10-16,2026-02-28,0.001709,-0.010049
600028,2023-10-17,2026-02-28,0.008532,0.003531
600028,2023-10-18,2026-02-28,-0.001692,-0.00792
600028,2023-10-19,2026-02-28,-0.022034,-0.021335
600028,2023-10-20,2026-02-28,-0.013865,-0.006497
600028,2023-10-23,2026-02-28,-0.019332,-0.010353
600028,2023-10-24,2026-02-28,0.005376,0.003709
600028,2023-10-25,2026-02-28,-0.023173,0.004969
600028,2023-10-26,2026-02-28,0.014599,0.002764
600028,2023-10-27,2026-02-28,0.007194,0.013727
600028,2023-10-30,2026-02-28,-0.0375,0.006004
600028,2023-10-31,2026-02-28,0.012987,-0.003144
600028,2023-11-01,2026-02-28,0.001832,-0.000414
600028,2023-11-02,2026-02-28,0.010969,-0.004715
600028,2023-11-03,2026-02-28,-0.003617,0.008426
600028,2023-11-06,2026-02-28,-0.025408,0.013524
600028,2023-11-07,2026-02-28,0.0,-0.003537
600028,2023-11-08,2026-02-28,-0.011173,-0.0024
600028,2023-11-09,2026-02-28,0.016949,0.000486
600028,2023-11-10,2026-02-28,0.001852,-0.00729
600028,2023-11-13,2026-02-28,0.014787,-0.001973
600028,2023-11-14,2026-02-28,-0.009107,0.000739
600028,2023-11-15,2026-02-28,0.016544,0.007031
600028,2023-11-16,2026-02-28,-0.009042,-0.00967
600028,2023-11-17,2026-02-28,-0.007299,-0.001202
600028,2023-11-20,2026-02-28,0.009191,0.002313
600028,2023-11-21,2026-02-28,0.001821,0.001327
600028,2023-11-22,2026-02-28,-0.005455,-0.010235
600028,2023-11-23,2026-02-28,0.0,0.004826
600028,2023-11-24,2026-02-28,0.001828,-0.006601
600028,2023-11-27,2026-02-28,-0.007299,-0.007368
600028,2023-11-28,2026-02-28,0.003676,0.001874
600028,2023-11-29,2026-02-28,-0.010989,-0.008588
600028,2023-11-30,2026-02-28,0.012963,0.002264
600028,2023-12-01,2026-02-28,-0.005484,-0.00381
600028,2023-12-04,2026-02-28,0.007353,-0.00653
600028,2023-12-05,2026-02-28,-0.018248,-0.01904
600028,2023-12-06,2026-02-28,0.001859,0.001574
600028,2023-12-07,2026-02-28,-0.005566,-0.002446
600028,2023-12-08,2026-02-28,0.020522,0.002412
600028,2023-12-11,2026-02-28,-0.02011,0.005881
600028,2023-12-12,2026-02-28,0.009328,0.002149
600028,2023-12-13,2026-02-28,-0.016636,-0.016691
600028,2023-12-14,2026-02-28,-0.005639,-0.005235
600028,2023-12-15,2026-02-28,-0.007561,-0.003106
600028,2023-12-18,2026-02-28,0.007619,-0.003647
600028,2023-12-19,2026-02-28,0.0,0.001404
600028,2023-12-20,2026-02-28,-0.00189,-0.010959
600028,2023-12-21,2026-02-28,-0.007576,0.010119
600028,2023-12-22,2026-02-28,0.020992,0.001909
600028,2023-12-25,2026-02-28,0.007477,0.003063
600028,2023-12-26,2026-02-28,0.001855,-0.00677
600028,2023-12-27,2026-02-28,0.022222,0.003479
600028,2023-12-28,2026-02-28,-0.009058,0.023434
600028,2023-12-29,2026-02-28,0.02011,0.004853
600028,2024-01-02,2026-02-28,0.007168,-0.013045
600028,2024-01-03,2026-02-28,0.016014,-0.002379
600028,2024-01-04,2026-02-28,-0.003503,-0.009249
600028,2024-01-05,2026-02-28,-0.012302,-0.00536
600028,2024-01-08,2026-02-28,-0.008897,-0.012933
600028,2024-01-09,2026-02-28,0.001795,0.001961
600028,2024-01-10,2026-02-28,-0.014337,-0.004668
600028,2024-01-11,2026-02-28,-0.025455,0.005658
600028,2024-01-12,2026-02-28,0.001866,-0.003491
600028,2024-01-15,2026-02-28,0.009311,-0.000989
600028,2024-01-16,2026-02-28,0.001845,0.006082
600028,2024-01-17,2026-02-28,-0.012891,-0.02175
600028,2024-01-18,2026-02-28,-0.009328,0.014136
600028,2024-01-19,2026-02-28,0.007533,-0.001512
600028,2024-01-22,2026-02-28,-0.011215,-0.015559
600028,2024-01-23,2026-02-28,-0.00189,0.004048
600028,2024-01-24,2026-02-28,0.034091,0.013978
600028,2024-01-25,2026-02-28,0.078755,0.020082
600028,2024-01-26,2026-02-28,-0.011885,-0.002722
600028,2024-01-29,2026-02-28,0.0189,-0.008957
600028,2024-01-30,2026-02-28,0.0,-0.017833
600028,2024-01-31,2026-02-28,0.005059,-0.009148
600028,2024-02-01,2026-02-28,-0.018456,0.000734
600028,2024-02-02,2026-02-28,0.006838,-0.011835
600028,2024-02-05,2026-02-28,0.022071,0.00654
600028,2024-02-06,2026-02-28,-0.008306,0.034767
600028,2024-02-07,2026-02-28,0.008375,0.009644
600028,2024-02-08,2026-02-28,-0.004983,0.00637
600028,2024-02-19,2026-02-28,0.048414,0.011554
600028,2024-02-20,2026-02-28,-0.004777,0.00207
600028,2024-02-21,2026-02-28,0.0,0.013491
600028,2024-02-22,2026-02-28,0.0272,0.008622
600028,2024-02-23,2026-02-28,-0.007788,0.00088
600028,2024-02-26,2026-02-28,-0.017268,-0.010426
600028,2024-02-27,2026-02-28,-0.001597,0.011996
600028,2024-02-28,2026-02-28,-0.0096,-0.012741
600028,2024-02-29,2026-02-28,0.009693,0.019078
600028,2024-03-01,2026-02-28,-0.008,0.006178
600028,2024-03-04,2026-02-28,0.022581,0.000866
600028,2024-03-05,2026-02-28,0.007886,0.00696
600028,2024-03-06,2026-02-28,-0.001565,-0.004057
600028,2024-03-07,2026-02-28,0.007837,-0.006006
600028,2024-03-08,2026-02-28,0.004666,0.004303
600028,2024-03-11,2026-02-28,-0.01548,0.012512
600028,2024-03-12,2026-02-28,-0.036164,0.002293
600028,2024-03-13,2026-02-28,0.003263,-0.006986
600028,2024-03-14,2026-02-28,0.011382,-0.002838
600028,2024-03-15,2026-02-28,-0.003215,0.002181
600028,2024-03-18,2026-02-28,0.0,0.009394
600028,2024-03-19,2026-02-28,-0.008065,-0.007187
600028,2024-03-20,2026-02-28,0.014634,0.002167
600028,2024-03-21,2026-02-28,0.001603,-0.001198
600028,2024-03-22,2026-02-28,-0.008,-0.010077
600028,2024-03-25,2026-02-28,0.004839,-0.005427
600028,2024-03-26,2026-02-28,-0.004815,0.005101
600028,2024-03-27,2026-02-28,0.003226,-0.011558
600028,2024-03-28,2026-02-28,0.0,0.00519
600028,2024-03-29,2026-02-28,0.027331,0.004692
600028,2024-04-01,2026-02-28,-0.004695,0.016442
600028,2024-04-02,2026-02-28,0.017296,-0.004164
600028,2024-04-03,2026-02-28,0.004637,-0.003595
600028,2024-04-08,2026-02-28,0.001538,-0.0088
600028,2024-04-09,2026-02-28,-0.02765,-0.000826
600028,2024-04-10,2026-02-28,0.004739,-0.008144
600028,2024-04-11,2026-02-28,0.003145,-0.000132
600028,2024-04-12,2026-02-28,0.0,-0.008106
600028,2024-04-15,2026-02-28,0.04232,0.02107
600028,2024-04-16,2026-02-28,0.004511,-0.010696
600028,2024-04-17,2026-02-28,-0.005988,0.015462
600028,2024-04-18,2026-02-28,-0.01506,0.001234
600028,2024-04-19,2026-02-28,0.019878,-0.007883
600028,2024-04-22,2026-02-28,-0.025487,-0.003037
600028,2024-04-23,2026-02-28,-0.012308,-0.00699
600028,2024-04-24,2026-02-28,0.010903,0.004391
600028,2024-04-25,2026-02-28,0.007704,0.002459
600028,2024-04-26,2026-02-28,0.0,0.015293
600028,2024-04-29,2026-02-28,-0.042813,0.01106
600028,2024-04-30,2026-02-28,0.014377,-0.005386
600028,2024-05-06,2026-02-28,-0.004724,0.014838
600028,2024-05-07,2026-02-28,0.007911,0.000309
600028,2024-05-08,2026-02-28,0.007849,-0.007867
600028,2024-05-09,2026-02-28,-0.004673,0.009459
600028,2024-05-10,2026-02-28,0.001565,0.000468
600028,2024-05-13,2026-02-28,-0.001563,-0.000433
600028,2024-05-14,2026-02-28,-0.00313,-0.002086
600028,2024-05-15,2026-02-28,-0.006279,-0.008474
600028,2024-05-16,2026-02-28,-0.004739,0.003945
600028,2024-05-17,2026-02-28,0.006349,0.010332
600028,2024-05-20,2026-02-28,0.011041,0.003532
600028,2024-05-21,2026-02-28,-0.0078,-0.00401
600028,2024-05-22,2026-02-28,0.007862,0.002255
600028,2024-05-23,2026-02-28,-0.00624,-0.011578
600028,2024-05-24,2026-02-28,0.007849,-0.011071
600028,2024-05-27,2026-02-28,0.014019,0.009505
600028,2024-05-28,2026-02-28,0.012289,-0.007299
600028,2024-05-29,2026-02-28,0.004552,0.001205
600028,2024-05-30,2026-02-28,-0.012085,-0.005316
600028,2024-05-31,2026-02-28,-0.013761,-0.004003
600028,2024-06-03,2026-02-28,-0.007752,0.002465
600028,2024-06-04,2026-02-28,-0.010938,0.007502
600028,2024-06-05,2026-02-28,-0.011058,-0.005774
600028,2024-06-06,2026-02-28,0.011182,-0.000709
600028,2024-06-07,2026-02-28,-0.006319,-0.005047
600028,2024-06-11,2026-02-28,-0.017488,-0.00874
600028,2024-06-12,2026-02-28,0.006472,0.000352
600028,2024-06-13,2026-02-28,-0.012862,-0.005077
600028,2024-06-14,2026-02-28,0.001629,0.004368
600028,2024-06-17,2026-02-28,-0.026016,-0.001506
600028,2024-06-18,2026-02-28,0.005008,0.002656
600028,2024-06-19,2026-02-28,0.008306,-0.00475
600028,2024-06-20,2026-02-28,0.016474,-0.007217
600028,2024-06-21,2026-02-28,-0.004862,-0.002187
600028,2024-06-24,2026-02-28,-0.001629,-0.005381
600028,2024-06-25,2026-02-28,-0.003263,-0.005438
600028,2024-06-26,2026-02-28,0.006547,0.006467
600028,2024-06-27,2026-02-28,0.001626,-0.007513
600028,2024-06-28,2026-02-28,0.025974,0.002183
600028,2024-07-01,2026-02-28,0.011076,0.004774
600028,2024-07-02,2026-02-28,0.00939,-0.001839
600028,2024-07-03,2026-02-28,-0.003101,-0.002411
600028,2024-07-04,2026-02-28,0.012442,-0.005082
600028,2024-07-05,2026-02-28,-0.012289,-0.004281
600028,2024-07-08,2026-02-28,0.010886,-0.00854
600028,2024-07-09,2026-02-28,0.006154,0.011186
600028,2024-07-10,2026-02-28,-0.018349,-0.003153
600028,2024-07-11,2026-02-28,0.0,0.011433
600028,2024-07-12,2026-02-28,-0.003115,0.00122
600028,2024-07-15,2026-02-28,0.023438,0.001108
600028,2024-07-16,2026-02-28,-0.009161,0.006339
600028,2024-07-17,2026-02-28,-0.009245,0.000944
600028,2024-07-18,2026-02-28,0.013997,0.005525
600028,2024-07-19,2026-02-28,-0.003067,0.005136
600028,2024-07-22,2026-02-28,-0.012308,-0.006807
600028,2024-07-23,2026-02-28,0.001558,-0.021351
600028,2024-07-24,2026-02-28,0.03577,-0.006312
600028,2024-07-25,2026-02-28,-0.001502,-0.005528
600028,2024-07-26,2026-02-28,-0.010526,0.002948
600028,2024-07-29,2026-02-28,0.018237,-0.005441
600028,2024-07-30,2026-02-28,-0.034328,-0.0063
600028,2024-07-31,2026-02-28,0.003091,0.021577
600028,2024-08-01,2026-02-28,0.010786,-0.006629
600028,2024-08-02,2026-02-28,0.004573,-0.0102
600028,2024-08-05,2026-02-28,-0.022762,-0.012135
600028,2024-08-06,2026-02-28,0.0,-0.000102
600028,2024-08-07,2026-02-28,0.012422,-0.000446
600028,2024-08-08,2026-02-28,-0.003067,0.000433
600028,2024-08-09,2026-02-28,0.009231,-0.003383
600028,2024-08-12,2026-02-28,0.001524,-0.001729
600028,2024-08-13,2026-02-28,0.010654,0.002563
600028,2024-08-14,2026-02-28,0.001506,-0.007543
600028,2024-08-15,2026-02-28,0.006015,0.009886
600028,2024-08-16,2026-02-28,-0.001495,0.001101
600028,2024-08-19,2026-02-28,0.005988,0.003388
600028,2024-08-20,2026-02-28,-0.008929,-0.007228
600028,2024-08-21,2026-02-28,0.001502,-0.003321
600028,2024-08-22,2026-02-28,0.010495,-0.002559
600028,2024-08-23,2026-02-28,0.011869,0.004242
600028,2024-08-26,2026-02-28,0.010264,-0.000892
600028,2024-08-27,2026-02-28,0.04209,-0.005682
600028,2024-08-28,2026-02-28,-0.011142,-0.005699
600028,2024-08-29,2026-02-28,-0.032394,-0.002682
600028,2024-08-30,2026-02-28,-0.008734,0.013348
600028,2024-09-02,2026-02-28,0.023495,-0.016987
600028,2024-09-03,2026-02-28,-0.043042,0.002578
600028,2024-09-04,2026-02-28,-0.011994,-0.006496
600028,2024-09-05,2026-02-28,-0.00607,0.00172
600028,2024-09-06,2026-02-28,0.007634,-0.008107
600028,2024-09-09,2026-02-28,-0.033333,-0.011882
600028,2024-09-10,2026-02-28,0.018809,0.000878
600028,2024-09-11,2026-02-28,-0.030769,-0.003012
600028,2024-09-12,2026-02-28,0.004762,-0.004286
600028,2024-09-13,2026-02-28,-0.022117,-0.00417
600028,2024-09-18,2026-02-28,0.03231,0.003723
600028,2024-09-19,2026-02-28,-0.010955,0.007892
600028,2024-09-20,2026-02-28,0.009494,0.001569
600028,2024-09-23,2026-02-28,0.015674,0.003659
600028,2024-09-24,2026-02-28,0.04321,0.04331
600028,2024-09-25,2026-02-28,-0.005917,0.014805
600028,2024-09-26,2026-02-28,0.004464,0.042271
600028,2024-09-27,2026-02-28,-0.013333,0.044669
600028,2024-09-30,2026-02-28,0.045045,0.084826
600028,2024-10-08,2026-02-28,0.008621,0.059296
600028,2024-10-09,2026-02-28,-0.062678,-0.070513
600028,2024-10-10,2026-02-28,0.045593,0.010567
600028,2024-10-11,2026-02-28,-0.018895,-0.027671
600028,2024-10-14,2026-02-28,0.007407,0.019082
600028,2024-10-15,2026-02-28,-0.029412,-0.026594
600028,2024-10-16,2026-02-28,-0.001515,-0.006329
600028,2024-10-17,2026-02-28,-0.013657,-0.011318
600028,2024-10-18,2026-02-28,0.010769,0.036168
600028,2024-10-21,2026-02-28,-0.003044,0.002538
600028,2024-10-22,2026-02-28,0.007634,0.005738
600028,2024-10-23,2026-02-28,-0.001515,0.003899
600028,2024-10-24,2026-02-28,-0.015175,-0.011169
600028,2024-10-25,2026-02-28,-0.006163,0.007022
600028,2024-10-28,2026-02-28,-0.00155,0.001955
600028,2024-10-29,2026-02-28,-0.032609,-0.009966
600028,2024-10-30,2026-02-28,-0.006421,-0.008969
600028,2024-10-31,2026-02-28,-0.001616,0.000409
600028,2024-11-01,2026-02-28,0.016181,-0.000262
600028,2024-11-04,2026-02-28,-0.006369,0.014072
600028,2024-11-05,2026-02-28,0.00641,0.025302
600028,2024-11-06,2026-02-28,0.0,-0.005017
600028,2024-11-07,2026-02-28,0.015924,0.03017
600028,2024-11-08,2026-02-28,-0.007837,-0.010046
600028,2024-11-11,2026-02-28,-0.015798,0.006599
600028,2024-11-12,2026-02-28,-0.008026,-0.010987
600028,2024-11-13,2026-02-28,0.009709,0.006155
600028,2024-11-14,2026-02-28,0.004808,-0.017337
600028,2024-11-15,2026-02-28,0.007974,-0.017523
600028,2024-11-18,2026-02-28,0.006329,-0.004649
600028,2024-11-19,2026-02-28,-0.011006,0.006711
600028,2024-11-20,2026-02-28,0.007949,0.002233
600028,2024-11-21,2026-02-28,-0.001577,0.000884
600028,2024-11-22,2026-02-28,-0.009479,-0.030983
600028,2024-11-25,2026-02-28,0.009569,-0.004555
600028,2024-11-26,2026-02-28,0.004739,-0.002055
600028,2024-11-27,2026-02-28,0.003145,0.017411
600028,2024-11-28,2026-02-28,0.003135,-0.008829
600028,2024-11-29,2026-02-28,-0.00625,0.01137
600028,2024-12-02,2026-02-28,-0.007862,0.007928
600028,2024-12-03,2026-02-28,0.006339,0.001079
600028,2024-12-04,2026-02-28,0.020472,-0.005398
600028,2024-12-05,2026-02-28,-0.013889,-0.002282
600028,2024-12-06,2026-02-28,0.00313,0.013146
600028,2024-12-09,2026-02-28,0.00936,-0.001654
600028,2024-12-10,2026-02-28,-0.004637,0.007328
600028,2024-12-11,2026-02-28,0.0,-0.001703
600028,2024-12-12,2026-02-28,0.003106,0.009946
600028,2024-12-13,2026-02-28,-0.01548,-0.023662
600028,2024-12-16,2026-02-28,0.014151,-0.005425
600028,2024-12-17,2026-02-28,-0.00155,0.002605
600028,2024-12-18,2026-02-28,0.01087,0.005063
600028,2024-12-19,2026-02-28,-0.00768,0.000907
600028,2024-12-20,2026-02-28,-0.012384,-0.004491
600028,2024-12-23,2026-02-28,0.025078,0.001484
600028,2024-12-24,2026-02-28,0.010703,0.012741
600028,2024-12-25,2026-02-28,0.022693,0.000487
600028,2024-12-26,2026-02-28,-0.013314,0.000464
600028,2024-12-27,2026-02-28,-0.002999,-0.001617
600028,2024-12-30,2026-02-28,0.010526,0.004527
600028,2024-12-31,2026-02-28,-0.005952,-0.01604
600028,2025-01-02,2026-02-28,-0.017964,-0.029103
600028,2025-01-03,2026-02-28,0.001524,-0.011839
600028,2025-01-06,2026-02-28,-0.001522,-0.001641
600028,2025-01-07,2026-02-28,-0.004573,0.0072
600028,2025-01-08,2026-02-28,0.007657,-0.001815
600028,2025-01-09,2026-02-28,-0.025836,-0.002464
600028,2025-01-10,2026-02-28,-0.018721,-0.012539
600028,2025-01-13,2026-02-28,-0.012719,-0.002671
600028,2025-01-14,2026-02-28,0.008052,0.026334
600028,2025-01-15,2026-02-28,0.0,-0.006416
600028,2025-01-16,2026-02-28,0.003195,0.001148
600028,2025-01-17,2026-02-28,-0.009554,0.003147
600028,2025-01-20,2026-02-28,-0.008039,0.004547
600028,2025-01-21,2026-02-28,-0.016207,0.000767
600028,2025-01-22,2026-02-28,-0.011532,-0.009288
600028,2025-01-23,2026-02-28,0.005,0.001772
600028,2025-01-24,2026-02-28,0.001658,0.007656
600028,2025-01-27,2026-02-28,0.006623,-0.004118
600028,2025-02-05,2026-02-28,-0.009868,-0.005762
600028,2025-02-06,2026-02-28,0.011628,0.012581
600028,2025-02-07,2026-02-28,0.003284,0.012978
600028,2025-02-10,2026-02-28,0.0,0.002147
600028,2025-02-11,2026-02-28,0.0,-0.004595
600028,2025-02-12,2026-02-28,-0.001637,0.009458
600028,2025-02-13,2026-02-28,-0.004918,-0.003756
600028,2025-02-14,2026-02-28,0.0,0.008673
600028,2025-02-17,2026-02-28,-0.004942,0.00213
600028,2025-02-18,2026-02-28,-0.004967,-0.008769
600028,2025-02-19,2026-02-28,-0.014975,0.006997
600028,2025-02-20,2026-02-28,-0.001689,-0.002859
600028,2025-02-21,2026-02-28,0.0,0.012611
600028,2025-02-24,2026-02-28,-0.005076,-0.002194
600028,2025-02-25,2026-02-28,-0.010204,-0.011101
600028,2025-02-26,2026-02-28,-0.005155,0.008735
600028,2025-02-27,2026-02-28,0.008636,0.002064
600028,2025-02-28,2026-02-28,-0.010274,-0.019674
600028,2025-03-03,2026-02-28,-0.00692,-0.000405
600028,2025-03-04,2026-02-28,-0.013937,-0.000837
600028,2025-03-05,2026-02-28,0.003534,0.004466
600028,2025-03-06,2026-02-28,0.001761,0.013751
600028,2025-03-07,2026-02-28,0.00703,-0.00309
600028,2025-03-10,2026-02-28,-0.006981,-0.003857
600028,2025-03-11,2026-02-28,0.001757,0.003211
600028,2025-03-12,2026-02-28,-0.007018,-0.003599
600028,2025-03-13,2026-02-28,0.012367,-0.003986
600028,2025-03-14,2026-02-28,0.012216,0.024281
600028,2025-03-17,2026-02-28,0.008621,-0.002438
600028,2025-03-18,2026-02-28,-0.005128,0.002736
600028,2025-03-19,2026-02-28,0.005155,0.00061
600028,2025-03-20,2026-02-28,0.001709,-0.008772
600028,2025-03-21,2026-02-28,-0.008532,-0.015169
600028,2025-03-24,2026-02-28,-0.013769,0.005148
600028,2025-03-25,2026-02-28,0.006981,-0.000649
600028,2025-03-26,2026-02-28,-0.001733,-0.00329
600028,2025-03-27,2026-02-28,0.012153,0.003331
600028,2025-03-28,2026-02-28,-0.010292,-0.004386
600028,2025-03-31,2026-02-28,-0.006932,-0.007116
600028,2025-04-01,2026-02-28,0.0,9.7e-05
600028,2025-04-02,2026-02-28,0.00349,-0.000848
600028,2025-04-03,2026-02-28,0.005217,-0.005891
600028,2025-04-07,2026-02-28,-0.069204,-0.070455
600028,2025-04-08,2026-02-28,0.053903,0.017083
600028,2025-04-09,2026-02-28,-0.007055,0.009871
600028,2025-04-10,2026-02-28,-0.007105,0.013107
600028,2025-04-11,2026-02-28,-0.005367,0.004124
600028,2025-04-14,2026-02-28,0.008993,0.0023
600028,2025-04-15,2026-02-28,0.00713,0.000557
600028,2025-04-16,2026-02-28,0.014159,0.00308
600028,2025-04-17,2026-02-28,0.0,-0.000159
600028,2025-04-18,2026-02-28,0.0,8e-05
600028,2025-04-21,2026-02-28,-0.012216,0.003276
600028,2025-04-22,2026-02-28,0.0053,-0.000245
600028,2025-04-23,2026-02-28,-0.001757,0.000774
600028,2025-04-24,2026-02-28,0.003521,-0.000667
600028,2025-04-25,2026-02-28,-0.003509,0.000697
600028,2025-04-28,2026-02-28,0.005282,-0.001419
600028,2025-04-29,2026-02-28,-0.014011,-0.00173
600028,2025-04-30,2026-02-28,0.005329,-0.001194
600028,2025-05-06,2026-02-28,-0.003534,0.01007
600028,2025-05-07,2026-02-28,0.012411,0.006061
600028,2025-05-08,2026-02-28,-0.003503,0.005551
600028,2025-05-09,2026-02-28,0.0,-0.001749
600028,2025-05-12,2026-02-28,0.001757,0.011558
600028,2025-05-13,2026-02-28,0.005263,0.001452
600028,2025-05-14,2026-02-28,0.017452,0.012051
600028,2025-05-15,2026-02-28,-0.008576,-0.009133
600028,2025-05-16,2026-02-28,-0.020761,-0.004636
600028,2025-05-19,2026-02-28,0.003534,-0.00307
600028,2025-05-20,2026-02-28,-0.001761,0.005423
600028,2025-05-21,2026-02-28,0.007055,0.004671
600028,2025-05-22,2026-02-28,0.012259,-0.000642
600028,2025-05-23,2026-02-28,-0.015571,-0.008072
600028,2025-05-26,2026-02-28,-0.001757,-0.00571
600028,2025-05-27,2026-02-28,0.0,-0.005365
600028,2025-05-28,2026-02-28,0.019366,-0.000823
600028,2025-05-29,2026-02-28,-0.010363,0.005855
600028,2025-05-30,2026-02-28,0.008726,-0.004786
600028,2025-06-03,2026-02-28,-0.00519,0.003068
600028,2025-06-04,2026-02-28,0.001739,0.004343
600028,2025-06-05,2026-02-28,-0.006944,0.002278
600028,2025-06-06,2026-02-28,0.005245,-0.000921
600028,2025-06-09,2026-02-28,0.001739,0.002907
600028,2025-06-10,2026-02-28,-0.001736,-0.005091
600028,2025-06-11,2026-02-28,0.02087,0.007544
600028,2025-06-12,2026-02-28,0.003407,-0.000623
600028,2025-06-13,2026-02-28,0.006791,-0.007198
600028,2025-06-16,2026-02-28,-0.003373,0.002488
600028,2025-06-17,2026-02-28,0.00846,-0.000882
600028,2025-06-18,2026-02-28,-0.033558,0.001186
600028,2025-06-19,2026-02-28,0.013889,-0.008227
600028,2025-06-20,2026-02-28,-0.015411,0.000925
600028,2025-06-23,2026-02-28,-0.006957,0.002927
600028,2025-06-24,2026-02-28,-0.007005,0.011958
600028,2025-06-25,2026-02-28,0.001764,0.014352
600028,2025-06-26,2026-02-28,0.005282,-0.003547
600028,2025-06-27,2026-02-28,-0.008757,-0.006148
600028,2025-06-30,2026-02-28,-0.003534,0.003652
600028,2025-07-01,2026-02-28,0.003546,0.001698
600028,2025-07-02,2026-02-28,0.0053,0.000234
600028,2025-07-03,2026-02-28,-0.005272,0.006183
600028,2025-07-04,2026-02-28,0.003534,0.003562
600028,2025-07-07,2026-02-28,-0.005282,-0.004276
600028,2025-07-08,2026-02-28,0.00531,0.008393
600028,2025-07-09,2026-02-28,0.0,-0.001764
600028,2025-07-10,2026-02-28,0.014085,0.004666
600028,2025-07-11,2026-02-28,-0.008681,0.001193
600028,2025-07-14,2026-02-28,0.010508,0.000713
600028,2025-07-15,2026-02-28,-0.001733,0.000347
600028,2025-07-16,2026-02-28,0.0,-0.002951
600028,2025-07-17,2026-02-28,-0.005208,0.00681
600028,2025-07-18,2026-02-28,0.015707,0.005963
600028,2025-07-21,2026-02-28,0.017182,0.006667
600028,2025-07-22,2026-02-28,0.018581,0.008163
600028,2025-07-23,2026-02-28,-0.001658,0.000197
600028,2025-07-24,2026-02-28,-0.006645,0.007104
600028,2025-07-25,2026-02-28,-0.003344,-0.005272
600028,2025-07-28,2026-02-28,-0.013423,0.002099
600028,2025-07-29,2026-02-28,0.003401,0.003917
600028,2025-07-30,2026-02-28,0.018644,-0.00019
600028,2025-07-31,2026-02-28,0.0,-0.018223
600028,2025-08-01,2026-02-28,-0.053245,-0.00507
600028,2025-08-04,2026-02-28,-0.00703,0.00389
600028,2025-08-05,2026-02-28,0.010619,0.008045
600028,2025-08-06,2026-02-28,0.0,0.002446
600028,2025-08-07,2026-02-28,0.003503,0.000287
600028,2025-08-08,2026-02-28,0.001745,-0.002357
600028,2025-08-11,2026-02-28,-0.010453,0.004274
600028,2025-08-12,2026-02-28,0.014085,0.00517
600028,2025-08-13,2026-02-28,-0.006944,0.007904
600028,2025-08-14,2026-02-28,-0.005245,-0.000782
600028,2025-08-15,2026-02-28,-0.001757,0.006959
600028,2025-08-18,2026-02-28,0.0,0.008819
600028,2025-08-19,2026-02-28,-0.001761,-0.003783
600028,2025-08-20,2026-02-28,0.008818,0.011371
600028,2025-08-21,2026-02-28,0.024476,0.003904
600028,2025-08-22,2026-02-28,-0.005119,0.020971
600028,2025-08-25,2026-02-28,0.001715,0.020837
600028,2025-08-26,2026-02-28,-0.003425,-0.003721
600028,2025-08-27,2026-02-28,-0.013746,-0.014927
600028,2025-08-28,2026-02-28,0.003484,0.017705
600028,2025-08-29,2026-02-28,-0.008681,0.007388
600028,2025-09-01,2026-02-28,-0.001751,0.005994
600028,2025-09-02,2026-02-28,0.019298,-0.007352
600028,2025-09-03,2026-02-28,-0.010327,-0.00682
600028,2025-09-04,2026-02-28,0.005217,-0.021216
600028,2025-09-05,2026-02-28,-0.015571,0.02179
600028,2025-09-08,2026-02-28,-0.001757,0.001625
600028,2025-09-09,2026-02-28,-0.003521,-0.007009
600028,2025-09-10,2026-02-28,-0.008834,0.002053
600028,2025-09-11,2026-02-28,0.003565,0.023096
600028,2025-09-12,2026-02-28,-0.017762,-0.005725
600028,2025-09-15,2026-02-28,-0.001808,0.002445
600028,2025-09-16,2026-02-28,-0.007246,-0.002144
600028,2025-09-17,2026-02-28,0.001825,0.006121
600028,2025-09-18,2026-02-28,-0.016393,-0.011627
600028,2025-09-19,2026-02-28,-0.007407,0.000847
600028,2025-09-22,2026-02-28,-0.007463,0.004595
600028,2025-09-23,2026-02-28,0.007519,-0.000626
600028,2025-09-24,2026-02-28,0.0,0.010242
600028,2025-09-25,2026-02-28,-0.001866,0.006005
600028,2025-09-26,2026-02-28,0.0,-0.009457
600028,2025-09-29,2026-02-28,-0.007477,0.015385
600028,2025-09-30,2026-02-28,-0.003766,0.004468
600028,2025-10-09,2026-02-28,0.013233,0.014823
600028,2025-10-10,2026-02-28,0.001866,-0.019673
600028,2025-10-13,2026-02-28,-0.001862,-0.00495
600028,2025-10-14,2026-02-28,0.011194,-0.011954
600028,2025-10-15,2026-02-28,-0.005535,0.01481
600028,2025-10-16,2026-02-28,0.011132,0.002634
600028,2025-10-17,2026-02-28,-0.007339,-0.022559
600028,2025-10-20,2026-02-28,0.011091,0.005313
600028,2025-10-21,2026-02-28,-0.001828,0.015348
600028,2025-10-22,2026-02-28,0.007326,-0.003321
600028,2025-10-23,2026-02-28,0.010909,0.002999
600028,2025-10-24,2026-02-28,-0.003597,0.011797
600028,2025-10-27,2026-02-28,0.00722,0.011873
600028,2025-10-28,2026-02-28,-0.003584,-0.005099
600028,2025-10-29,2026-02-28,-0.007194,0.011907
600028,2025-10-30,2026-02-28,0.001812,-0.007988
600028,2025-10-31,2026-02-28,-0.01085,-0.014702
600028,2025-11-03,2026-02-28,0.018282,0.002744
600028,2025-11-04,2026-02-28,0.001795,-0.007458
600028,2025-11-05,2026-02-28,-0.005376,0.001853
600028,2025-11-06,2026-02-28,0.0,0.014295
600028,2025-11-07,2026-02-28,0.010811,-0.003113
600028,2025-11-10,2026-02-28,0.008913,0.003475
600028,2025-11-11,2026-02-28,0.001767,-0.009134
600028,2025-11-12,2026-02-28,0.007055,-0.001345
600028,2025-11-13,2026-02-28,-0.005254,0.012089
600028,2025-11-14,2026-02-28,0.005282,-0.015724
600028,2025-11-17,2026-02-28,0.012259,-0.006501
600028,2025-11-18,2026-02-28,0.00346,-0.006494
600028,2025-11-19,2026-02-28,0.043103,0.0044
600028,2025-11-20,2026-02-28,0.0,-0.005088
600028,2025-11-21,2026-02-28,-0.013223,-0.02439
600028,2025-11-24,2026-02-28,-0.021776,-0.001248
600028,2025-11-25,2026-02-28,-0.006849,0.009523
600028,2025-11-26,2026-02-28,-0.010345,0.006062
600028,2025-11-27,2026-02-28,0.012195,-0.000492
600028,2025-11-28,2026-02-28,-0.005164,0.002493
600028,2025-12-01,2026-02-28,0.012111,0.011007
600028,2025-12-02,2026-02-28,0.022222,-0.00484
600028,2025-12-03,2026-02-28,-0.005017,-0.005113
600028,2025-12-04,2026-02-28,0.003361,0.003425
600028,2025-12-05,2026-02-28,-0.001675,0.008352
600028,2025-12-08,2026-02-28,0.0,0.008118
600028,2025-12-09,2026-02-28,-0.005034,-0.005092
600028,2025-12-10,2026-02-28,-0.011804,-0.001391
600028,2025-12-11,2026-02-28,-0.006826,-0.008633
600028,2025-12-12,2026-02-28,-0.006873,0.006319
600028,2025-12-15,2026-02-28,0.00346,-0.006307
600028,2025-12-16,2026-02-28,0.003448,-0.011974
600028,2025-12-17,2026-02-28,0.003436,0.018303
600028,2025-12-18,2026-02-28,0.015411,-0.005913
600028,2025-12-19,2026-02-28,-0.006745,0.003379
600028,2025-12-22,2026-02-28,-0.003396,0.009511
600028,2025-12-23,2026-02-28,0.008518,0.001975
600028,2025-12-24,2026-02-28,-0.001689,0.002884
600028,2025-12-25,2026-02-28,-0.010152,0.001829
600028,2025-12-26,2026-02-28,-0.010256,0.003167
600028,2025-12-29,2026-02-28,0.036269,-0.003837
600028,2025-12-30,2026-02-28,0.026667,0.002567
600028,2025-12-31,2026-02-28,0.003247,-0.004588
600028,2026-01-05,2026-02-28,-0.014563,0.018965
600028,2026-01-06,2026-02-28,0.014778,0.015462
600028,2026-01-07,2026-02-28,-0.012945,-0.002928
600028,2026-01-08,2026-02-28,-0.004918,-0.008167
600028,2026-01-09,2026-02-28,0.014827,0.004489
600028,2026-01-12,2026-02-28,-0.030844,0.006513
600028,2026-01-13,2026-02-28,0.0,-0.00603
600028,2026-01-14,2026-02-28,0.0,-0.004012
600028,2026-01-15,2026-02-28,-0.00335,0.002003
600028,2026-01-16,2026-02-28,-0.018487,-0.004116
600028,2026-01-19,2026-02-28,0.015411,0.000546
600028,2026-01-20,2026-02-28,0.013491,-0.00329
600028,2026-01-21,2026-02-28,-0.008319,0.000888
600028,2026-01-22,2026-02-28,0.041946,0.000136
600028,2026-01-23,2026-02-28,-0.009662,-0.004491
600028,2026-01-26,2026-02-28,0.037398,0.00095
600028,2026-01-27,2026-02-28,-0.001567,-0.00027
600028,2026-01-28,2026-02-28,0.00471,0.002614
600028,2026-01-29,2026-02-28,0.00625,0.007605
600028,2026-01-30,2026-02-28,0.01087,-0.009998
600028,2026-02-02,2026-02-28,-0.019969,-0.021324
600028,2026-02-03,2026-02-28,-0.012539,0.011751
600028,2026-02-04,2026-02-28,0.031746,0.008278
600028,2026-02-05,2026-02-28,-0.015385,-0.006015
600028,2026-02-06,2026-02-28,0.015625,-0.005743
600028,2026-02-09,2026-02-28,0.0,0.01625
600028,2026-02-10,2026-02-28,-0.006154,0.00111
600028,2026-02-11,2026-02-28,0.012384,-0.002218
600028,2026-02-12,2026-02-28,0.009174,0.001222
600028,2026-02-13,2026-02-28,-0.034848,-0.012538
600028,2026-02-24,2026-02-28,0.032967,0.010115
600028,2026-02-25,2026-02-28,-0.009119,0.006021
600028,2026-02-26,2026-02-28,-0.004601,-0.001903
600028,2026-02-27,2026-02-28,-0.004622,-0.003433
600028,2026-03-02,2026-02-28,0.100619,0.003826
600028,2026-03-03,2026-02-28,0.099859,-0.01539
600028,2026-03-04,2026-02-28,-0.053708,-0.011442
600028,2026-03-05,2026-02-28,-0.05,0.009792
600028,2026-03-06,2026-02-28,-0.021337,0.002743
600028,2026-03-09,2026-02-28,0.017442,-0.009652
600028,2026-03-10,2026-02-28,-0.062857,0.012848
600028,2026-03-11,2026-02-28,-0.007622,0.006362
600028,2026-03-12,2026-02-28,-0.00768,-0.0036
600028,2026-03-13,2026-02-28,-0.020124,-0.00393
600028,2026-03-16,2026-02-28,0.0,0.000518
600028,2026-03-17,2026-02-28,-0.012638,-0.007304
600028,2026-03-18,2026-02-28,-0.0208,0.004505
600028,2026-03-19,2026-02-28,0.026144,-0.016118
600028,2026-03-20,2026-02-28,-0.031847,-0.003542
600028,2026-03-23,2026-02-28,-0.006579,-0.03263
600028,2026-03-24,2026-02-28,-0.016556,0.01284
600028,2026-03-25,2026-02-28,-0.003367,0.014022
600028,2026-03-26,2026-02-28,-0.006757,-0.013208
600028,2026-03-27,2026-02-28,0.003401,0.005591
600028,2026-03-30,2026-02-28,0.011864,-0.002359
600028,2026-03-31,2026-02-28,-0.015075,-0.009328
600028,2026-04-01,2026-02-28,0.001701,0.017083
600028,2026-04-02,2026-02-28,0.010187,-0.010418
600028,2026-04-03,2026-02-28,-0.015126,-0.008512
600028,2026-04-07,2026-02-28,0.008532,-3.9e-05
600028,2026-04-08,2026-02-28,-0.003384,0.034892
600028,2026-04-09,2026-02-28,-0.008489,-0.006383
600028,2026-04-10,2026-02-28,-0.005137,0.015405
600028,2026-04-13,2026-02-28,0.003442,0.002068
600028,2026-04-14,2026-02-28,-0.008576,0.011866
600028,2026-04-15,2026-02-28,-0.015571,-0.003411
600028,2026-04-16,2026-02-28,-0.005272,0.010962
600938,2023-01-03,2026-02-28,0.018421,0.004201
600938,2023-01-04,2026-02-28,-0.012274,0.001299
600938,2023-01-05,2026-02-28,-0.000654,0.019427
600938,2023-01-06,2026-02-28,0.002618,0.003102
600938,2023-01-09,2026-02-28,0.011749,0.008096
600938,2023-01-10,2026-02-28,-0.004516,0.001085
600938,2023-01-11,2026-02-28,0.003889,-0.001853
600938,2023-01-12,2026-02-28,0.016785,0.001955
600938,2023-01-13,2026-02-28,0.000635,0.014064
600938,2023-01-16,2026-02-28,-0.000635,0.015607
600938,2023-01-17,2026-02-28,-0.017778,-0.000174
600938,2023-01-18,2026-02-28,0.021332,-0.001675
600938,2023-01-19,2026-02-28,-0.005696,0.006221
600938,2023-01-20,2026-02-28,0.030554,0.00614
600938,2023-01-30,2026-02-28,-0.00803,0.004739
600938,2023-01-31,2026-02-28,-0.010585,-0.010589
600938,2023-02-01,2026-02-28,0.008811,0.0094
600938,2023-02-02,2026-02-28,0.004367,-0.003523
600938,2023-02-03,2026-02-28,-0.013043,-0.009451
600938,2023-02-06,2026-02-28,0.000629,-0.01322
600938,2023-02-07,2026-02-28,0.006289,0.0018
600938,2023-02-08,2026-02-28,-0.0025,-0.004419
600938,2023-02-09,2026-02-28,0.003759,0.013423
600938,2023-02-10,2026-02-28,-0.008115,-0.005942
600938,2023-02-13,2026-02-28,0.004405,0.009075
600938,2023-02-14,2026-02-28,0.008145,0.000414
600938,2023-02-15,2026-02-28,-0.009323,-0.005211
600938,2023-02-16,2026-02-28,-0.007528,-0.007324
600938,2023-02-17,2026-02-28,0.001896,-0.014408
600938,2023-02-20,2026-02-28,0.012618,0.024534
600938,2023-02-21,2026-02-28,0.0,0.002628
600938,2023-02-22,2026-02-28,0.005607,-0.009025
600938,2023-02-23,2026-02-28,-0.003098,-0.000805
600938,2023-02-24,2026-02-28,-0.006837,-0.010381
600938,2023-02-27,2026-02-28,-0.001877,-0.004236
600938,2023-02-28,2026-02-28,0.001254,0.006334
600938,2023-03-01,2026-02-28,0.010645,0.014125
600938,2023-03-02,2026-02-28,0.032838,-0.00223
600938,2023-03-03,2026-02-28,0.030594,0.003112
600938,2023-03-06,2026-02-28,0.001164,-0.005215
600938,2023-03-07,2026-02-28,0.058721,-0.014641
600938,2023-03-08,2026-02-28,-0.004942,-0.003642
600938,2023-03-09,2026-02-28,0.004415,-0.003534
600938,2023-03-10,2026-02-28,-0.035714,-0.013114
600938,2023-03-13,2026-02-28,0.049003,0.010474
600938,2023-03-14,2026-02-28,-0.027159,-0.005985
600938,2023-03-15,2026-02-28,-0.002233,0.000554
600938,2023-03-16,2026-02-28,-0.052602,-0.011977
600938,2023-03-17,2026-02-28,0.031896,0.004993
600938,2023-03-20,2026-02-28,-0.029193,-0.004987
600938,2023-03-21,2026-02-28,-0.004717,0.010993
600938,2023-03-22,2026-02-28,-0.002962,0.004285
600938,2023-03-23,2026-02-28,0.010695,0.009913
600938,2023-03-24,2026-02-28,-0.018225,-0.002982
600938,2023-03-27,2026-02-28,-0.013772,-0.003618
600938,2023-03-28,2026-02-28,0.019429,-0.00323
600938,2023-03-29,2026-02-28,0.003574,0.001657
600938,2023-03-30,2026-02-28,0.017804,0.008083
600938,2023-03-31,2026-02-28,-0.006414,0.00307
600938,2023-04-03,2026-02-28,0.035211,0.009786
600938,2023-04-04,2026-02-28,0.02381,0.003065
600938,2023-04-06,2026-02-28,-0.016058,-0.001576
600938,2023-04-07,2026-02-28,-0.011255,0.006503
600938,2023-04-10,2026-02-28,0.024474,-0.004479
600938,2023-04-11,2026-02-28,-0.01,-0.001136
600938,2023-04-12,2026-02-28,0.017957,-0.000698
600938,2023-04-13,2026-02-28,0.038037,-0.006909
600938,2023-04-14,2026-02-28,0.006373,0.005657
600938,2023-04-17,2026-02-28,0.047493,0.014024
600938,2023-04-18,2026-02-28,-0.0267,0.003048
600938,2023-04-19,2026-02-28,-0.012422,-0.009004
600938,2023-04-20,2026-02-28,0.015199,-0.002798
600938,2023-04-21,2026-02-28,-0.004646,-0.01956
600938,2023-04-24,2026-02-28,-0.01971,-0.01238
600938,2023-04-25,2026-02-28,0.011111,-0.005016
600938,2023-04-26,2026-02-28,-0.030351,-0.000867
600938,2023-04-27,2026-02-28,-0.008095,0.007372
600938,2023-04-28,2026-02-28,0.051687,0.010196
600938,2023-05-04,2026-02-28,-0.021211,0.000288
600938,2023-05-05,2026-02-28,-0.022199,-0.003317
600938,2023-05-08,2026-02-28,0.076757,0.011398
600938,2023-05-09,2026-02-28,-0.009538,-0.008563
600938,2023-05-10,2026-02-28,-0.029397,-0.007698
600938,2023-05-11,2026-02-28,0.004178,-0.001553
600938,2023-05-12,2026-02-28,-0.019241,-0.013256
600938,2023-05-15,2026-02-28,0.010604,0.015523
600938,2023-05-16,2026-02-28,-0.005771,-0.005172
600938,2023-05-17,2026-02-28,-0.00686,-0.004535
600938,2023-05-18,2026-02-28,0.007439,-0.001034
600938,2023-05-19,2026-02-28,0.004219,-0.002915
600938,2023-05-22,2026-02-28,0.006303,0.006284
600938,2023-05-23,2026-02-28,-0.032359,-0.014143
600938,2023-05-24,2026-02-28,-0.007551,-0.013824
600938,2023-05-25,2026-02-28,-0.016304,-0.002227
600938,2023-05-26,2026-02-28,-0.005525,0.000117
600938,2023-05-29,2026-02-28,0.020556,-0.004417
600938,2023-05-30,2026-02-28,-0.001633,0.000994
600938,2023-05-31,2026-02-28,-0.043075,-0.010217
600938,2023-06-01,2026-02-28,0.009687,0.002192
600938,2023-06-02,2026-02-28,0.012415,0.014439
600938,2023-06-05,2026-02-28,0.007804,-0.004554
600938,2023-06-06,2026-02-28,-0.005531,-0.009387
600938,2023-06-07,2026-02-28,0.006118,-0.004942
600938,2023-06-08,2026-02-28,0.018795,0.00814
600938,2023-06-09,2026-02-28,0.013022,0.004323
600938,2023-06-12,2026-02-28,-0.004821,0.002014
600938,2023-06-13,2026-02-28,-0.03014,0.005326
600938,2023-06-14,2026-02-28,0.012764,-0.000228
600938,2023-06-15,2026-02-28,-0.002192,0.015909
600938,2023-06-16,2026-02-28,0.015925,0.009643
600938,2023-06-19,2026-02-28,-0.008108,-0.008186
600938,2023-06-20,2026-02-28,-0.021798,-0.001697
600938,2023-06-21,2026-02-28,-0.006128,-0.015342
600938,2023-06-26,2026-02-28,-0.001121,-0.014062
600938,2023-06-27,2026-02-28,0.015152,0.009381
600938,2023-06-28,2026-02-28,0.007186,-0.001205
600938,2023-06-29,2026-02-28,-0.010977,-0.004935
600938,2023-06-30,2026-02-28,0.005549,0.005392
600938,2023-07-03,2026-02-28,0.027594,0.013124
600938,2023-07-04,2026-02-28,0.023093,0.001575
600938,2023-07-05,2026-02-28,0.000525,-0.007748
600938,2023-07-06,2026-02-28,0.0,-0.006733
600938,2023-07-07,2026-02-28,0.002099,-0.004438
600938,2023-07-10,2026-02-28,-0.005236,0.004869
600938,2023-07-11,2026-02-28,-0.004737,0.006544
600938,2023-07-12,2026-02-28,0.019038,-0.006732
600938,2023-07-13,2026-02-28,0.024909,0.014306
600938,2023-07-14,2026-02-28,-0.034431,0.000174
600938,2023-07-17,2026-02-28,-0.001049,-0.008189
600938,2023-07-18,2026-02-28,-0.009974,-0.003164
600938,2023-07-19,2026-02-28,0.016967,-0.001057
600938,2023-07-20,2026-02-28,-0.017727,-0.007056
600938,2023-07-21,2026-02-28,-0.008493,-0.000467
600938,2023-07-24,2026-02-28,-0.010171,-0.004367
600938,2023-07-25,2026-02-28,0.026501,0.02888
600938,2023-07-26,2026-02-28,-0.011591,-0.002069
600938,2023-07-27,2026-02-28,0.003731,-0.001195
600938,2023-07-28,2026-02-28,0.003186,0.023164
600938,2023-07-31,2026-02-28,-0.005823,0.005483
600938,2023-08-01,2026-02-28,0.013845,-0.004142
600938,2023-08-02,2026-02-28,-0.010504,-0.00703
600938,2023-08-03,2026-02-28,-0.016454,0.008839
600938,2023-08-04,2026-02-28,0.005397,0.003894
600938,2023-08-07,2026-02-28,0.006441,-0.007568
600938,2023-08-08,2026-02-28,0.0,-0.002612
600938,2023-08-09,2026-02-28,-0.005867,-0.003057
600938,2023-08-10,2026-02-28,0.01985,0.002055
600938,2023-08-11,2026-02-28,-0.018411,-0.023005
600938,2023-08-14,2026-02-28,0.0,-0.007298
600938,2023-08-15,2026-02-28,0.0,-0.00243
600938,2023-08-16,2026-02-28,-0.021436,-0.007332
600938,2023-08-17,2026-02-28,0.009858,0.003344
600938,2023-08-18,2026-02-28,0.001085,-0.012293
600938,2023-08-21,2026-02-28,0.0,-0.014389
600938,2023-08-22,2026-02-28,0.01896,0.007688
600938,2023-08-23,2026-02-28,-0.003721,-0.016389
600938,2023-08-24,2026-02-28,-0.001067,0.007248
600938,2023-08-25,2026-02-28,0.001068,-0.003834
600938,2023-08-28,2026-02-28,0.012273,0.011719
600938,2023-08-29,2026-02-28,0.0,0.00999
600938,2023-08-30,2026-02-28,0.002109,-0.000421
600938,2023-08-31,2026-02-28,-0.000526,-0.006135
600938,2023-09-01,2026-02-28,0.007895,0.006964
600938,2023-09-04,2026-02-28,0.016188,0.015155
600938,2023-09-05,2026-02-28,0.002055,-0.00744
600938,2023-09-06,2026-02-28,0.007179,-0.00217
600938,2023-09-07,2026-02-28,0.004073,-0.014048
600938,2023-09-08,2026-02-28,-0.017748,-0.004917
600938,2023-09-11,2026-02-28,0.006711,0.007365
600938,2023-09-12,2026-02-28,-0.007179,-0.00184
600938,2023-09-13,2026-02-28,0.012913,-0.00637
600938,2023-09-14,2026-02-28,0.031617,-0.000841
600938,2023-09-15,2026-02-28,0.004449,-0.006624
600938,2023-09-18,2026-02-28,0.000492,0.005105
600938,2023-09-19,2026-02-28,0.003935,-0.001934
600938,2023-09-20,2026-02-28,0.009799,-0.003981
600938,2023-09-21,2026-02-28,0.006308,-0.008971
600938,2023-09-22,2026-02-28,-0.003375,0.018105
600938,2023-09-25,2026-02-28,-0.011127,-0.006507
600938,2023-09-26,2026-02-28,0.001957,-0.005845
600938,2023-09-27,2026-02-28,0.015625,0.002059
600938,2023-09-28,2026-02-28,0.016346,-0.002967
600938,2023-10-09,2026-02-28,-0.007569,-0.001298
600938,2023-10-10,2026-02-28,-0.037178,-0.007491
600938,2023-10-11,2026-02-28,0.004455,0.00285
600938,2023-10-12,2026-02-28,0.004436,0.009498
600938,2023-10-13,2026-02-28,0.017174,-0.010526
600938,2023-10-16,2026-02-28,0.006753,-0.010049
600938,2023-10-17,2026-02-28,0.012458,0.003531
600938,2023-10-18,2026-02-28,-0.030762,-0.00792
600938,2023-10-19,2026-02-28,-0.015137,-0.021335
600938,2023-10-20,2026-02-28,-0.002975,-0.006497
600938,2023-10-23,2026-02-28,0.009945,-0.010353
600938,2023-10-24,2026-02-28,-0.005416,0.003709
600938,2023-10-25,2026-02-28,-0.028218,0.004969
600938,2023-10-26,2026-02-28,0.021905,0.002764
600938,2023-10-27,2026-02-28,-0.007976,0.013727
600938,2023-10-30,2026-02-28,-0.019095,0.006004
600938,2023-10-31,2026-02-28,-0.001025,-0.003144
600938,2023-11-01,2026-02-28,0.006667,-0.000414
600938,2023-11-02,2026-02-28,0.000509,-0.004715
600938,2023-11-03,2026-02-28,-0.00611,0.008426
600938,2023-11-06,2026-02-28,-0.036885,0.013524
600938,2023-11-07,2026-02-28,0.012234,-0.003537
600938,2023-11-08,2026-02-28,-0.004729,-0.0024
600938,2023-11-09,2026-02-28,0.002112,0.000486
600938,2023-11-10,2026-02-28,0.003161,-0.00729
600938,2023-11-13,2026-02-28,0.011029,-0.001973
600938,2023-11-14,2026-02-28,-0.012468,0.000739
600938,2023-11-15,2026-02-28,0.011047,0.007031
600938,2023-11-16,2026-02-28,0.007284,-0.00967
600938,2023-11-17,2026-02-28,-0.012397,-0.001202
600938,2023-11-20,2026-02-28,-0.004184,0.002313
600938,2023-11-21,2026-02-28,-0.002626,0.001327
600938,2023-11-22,2026-02-28,0.003686,-0.010235
600938,2023-11-23,2026-02-28,0.008919,0.004826
600938,2023-11-24,2026-02-28,0.00884,-0.006601
600938,2023-11-27,2026-02-28,-0.01134,-0.007368
600938,2023-11-28,2026-02-28,0.002607,0.001874
600938,2023-11-29,2026-02-28,0.01196,-0.008588
600938,2023-11-30,2026-02-28,0.021583,0.002264
600938,2023-12-01,2026-02-28,0.004024,-0.00381
600938,2023-12-04,2026-02-28,-0.005511,-0.00653
600938,2023-12-05,2026-02-28,-0.011083,-0.01904
600938,2023-12-06,2026-02-28,-0.008151,0.001574
600938,2023-12-07,2026-02-28,-0.003595,-0.002446
600938,2023-12-08,2026-02-28,0.034536,0.002412
600938,2023-12-11,2026-02-28,-0.01993,0.005881
600938,2023-12-12,2026-02-28,0.008643,0.002149
600938,2023-12-13,2026-02-28,-0.022681,-0.016691
600938,2023-12-14,2026-02-28,0.008767,-0.005235
600938,2023-12-15,2026-02-28,-0.010736,-0.003106
600938,2023-12-18,2026-02-28,0.010336,-0.003647
600938,2023-12-19,2026-02-28,0.008184,0.001404
600938,2023-12-20,2026-02-28,0.006596,-0.010959
600938,2023-12-21,2026-02-28,-0.006048,0.010119
600938,2023-12-22,2026-02-28,0.010649,0.001909
600938,2023-12-25,2026-02-28,0.003512,0.003063
600938,2023-12-26,2026-02-28,0.0015,-0.00677
600938,2023-12-27,2026-02-28,0.029456,0.003479
600938,2023-12-28,2026-02-28,0.00194,0.023434
600938,2023-12-29,2026-02-28,0.015005,0.004853
600938,2024-01-02,2026-02-28,-0.002384,-0.013045
600938,2024-01-03,2026-02-28,0.008126,-0.002379
600938,2024-01-04,2026-02-28,0.01138,-0.009249
600938,2024-01-05,2026-02-28,-0.007032,-0.00536
600938,2024-01-08,2026-02-28,-0.000472,-0.012933
600938,2024-01-09,2026-02-28,-0.003307,0.001961
600938,2024-01-10,2026-02-28,-0.017062,-0.004668
600938,2024-01-11,2026-02-28,-0.009643,0.005658
600938,2024-01-12,2026-02-28,0.003408,-0.003491
600938,2024-01-15,2026-02-28,0.014556,-0.000989
600938,2024-01-16,2026-02-28,-0.002391,0.006082
600938,2024-01-17,2026-02-28,-0.009588,-0.02175
600938,2024-01-18,2026-02-28,-0.000484,0.014136
600938,2024-01-19,2026-02-28,-0.007264,-0.001512
600938,2024-01-22,2026-02-28,-0.001951,-0.015559
600938,2024-01-23,2026-02-28,0.00391,0.004048
600938,2024-01-24,2026-02-28,0.028238,0.013978
600938,2024-01-25,2026-02-28,0.056818,0.020082
600938,2024-01-26,2026-02-28,0.02509,-0.002722
600938,2024-01-29,2026-02-28,-0.001748,-0.008957
600938,2024-01-30,2026-02-28,0.002189,-0.017833
600938,2024-01-31,2026-02-28,0.002184,-0.009148
600938,2024-02-01,2026-02-28,-0.03313,0.000734
600938,2024-02-02,2026-02-28,0.008566,-0.011835
600938,2024-02-05,2026-02-28,0.029951,0.00654
600938,2024-02-06,2026-02-28,-0.007378,0.034767
600938,2024-02-07,2026-02-28,0.006122,0.009644
600938,2024-02-08,2026-02-28,-0.006953,0.00637
600938,2024-02-19,2026-02-28,0.077024,0.011554
600938,2024-02-20,2026-02-28,-0.005282,0.00207
600938,2024-02-21,2026-02-28,0.003268,0.013491
600938,2024-02-22,2026-02-28,0.03013,0.008622
600938,2024-02-23,2026-02-28,-0.012253,0.00088
600938,2024-02-26,2026-02-28,0.0012,-0.010426
600938,2024-02-27,2026-02-28,0.029976,0.011996
600938,2024-02-28,2026-02-28,-0.023671,-0.012741
600938,2024-02-29,2026-02-28,0.004372,0.019078
600938,2024-03-01,2026-02-28,-0.00554,0.006178
600938,2024-03-04,2026-02-28,0.073219,0.000866
600938,2024-03-05,2026-02-28,0.003337,0.00696
600938,2024-03-06,2026-02-28,0.001478,-0.004057
600938,2024-03-07,2026-02-28,0.035793,-0.006006
600938,2024-03-08,2026-02-28,0.089419,0.004303
600938,2024-03-11,2026-02-28,-0.04709,0.012512
600938,2024-03-12,2026-02-28,-0.05731,0.002293
600938,2024-03-13,2026-02-28,0.014561,-0.006986
600938,2024-03-14,2026-02-28,0.025834,-0.002838
600938,2024-03-15,2026-02-28,-0.018888,0.002181
600938,2024-03-18,2026-02-28,0.003565,0.009394
600938,2024-03-19,2026-02-28,0.009591,-0.007187
600938,2024-03-20,2026-02-28,0.009852,0.002167
600938,2024-03-21,2026-02-28,-0.01115,-0.001198
600938,2024-03-22,2026-02-28,-0.037703,-0.010077
600938,2024-03-25,2026-02-28,0.029659,-0.005427
600938,2024-03-26,2026-02-28,-0.002489,0.005101
600938,2024-03-27,2026-02-28,-0.00713,-0.011558
600938,2024-03-28,2026-02-28,0.010772,0.00519
600938,2024-03-29,2026-02-28,0.038366,0.004692
600938,2024-04-01,2026-02-28,-0.008553,0.016442
600938,2024-04-02,2026-02-28,0.028295,-0.004164
600938,2024-04-03,2026-02-28,0.004027,-0.003595
600938,2024-04-08,2026-02-28,-0.005682,-0.0088
600938,2024-04-09,2026-02-28,-0.021513,-0.000826
600938,2024-04-10,2026-02-28,0.005153,-0.008144
600938,2024-04-11,2026-02-28,0.003759,-0.000132
600938,2024-04-12,2026-02-28,-0.005788,-0.008106
600938,2024-04-15,2026-02-28,0.02226,0.02107
600938,2024-04-16,2026-02-28,0.00067,-0.010696
600938,2024-04-17,2026-02-28,-0.004017,0.015462
600938,2024-04-18,2026-02-28,-0.020168,0.001234
600938,2024-04-19,2026-02-28,0.039451,-0.007883
600938,2024-04-22,2026-02-28,-0.046535,-0.003037
600938,2024-04-23,2026-02-28,-0.018345,-0.00699
600938,2024-04-24,2026-02-28,0.011283,0.004391
600938,2024-04-25,2026-02-28,0.005927,0.002459
600938,2024-04-26,2026-02-28,0.038821,0.015293
600938,2024-04-29,2026-02-28,-0.023023,0.01106
600938,2024-04-30,2026-02-28,0.021858,-0.005386
600938,2024-05-06,2026-02-28,-0.023396,0.014838
600938,2024-05-07,2026-02-28,0.001027,0.000309
600938,2024-05-08,2026-02-28,-0.006496,-0.007867
600938,2024-05-09,2026-02-28,-0.003785,0.009459
600938,2024-05-10,2026-02-28,0.006563,0.000468
600938,2024-05-13,2026-02-28,-0.00755,-0.000433
600938,2024-05-14,2026-02-28,-0.004149,-0.002086
600938,2024-05-15,2026-02-28,-0.017014,-0.008474
600938,2024-05-16,2026-02-28,-0.001766,0.003945
600938,2024-05-17,2026-02-28,-0.002123,0.010332
600938,2024-05-20,2026-02-28,0.029433,0.003532
600938,2024-05-21,2026-02-28,-0.012401,-0.00401
600938,2024-05-22,2026-02-28,-0.007325,0.002255
600938,2024-05-23,2026-02-28,-0.008433,-0.011578
600938,2024-05-24,2026-02-28,0.004252,-0.011071
600938,2024-05-27,2026-02-28,0.025759,0.009505
600938,2024-05-28,2026-02-28,0.013072,-0.007299
600938,2024-05-29,2026-02-28,0.033616,0.001205
600938,2024-05-30,2026-02-28,-0.026938,-0.005316
600938,2024-05-31,2026-02-28,-0.000675,-0.004003
600938,2024-06-03,2026-02-28,0.013514,0.002465
600938,2024-06-04,2026-02-28,-0.001,0.007502
600938,2024-06-05,2026-02-28,-0.027361,-0.005774
600938,2024-06-06,2026-02-28,0.021612,-0.000709
600938,2024-06-07,2026-02-28,0.013768,-0.005047
600938,2024-06-11,2026-02-28,-0.001987,-0.00874
600938,2024-06-12,2026-02-28,0.042814,0.000352
600938,2024-06-13,2026-02-28,-0.004774,-0.005077
600938,2024-06-14,2026-02-28,-0.017909,0.004368
600938,2024-06-17,2026-02-28,-0.01042,-0.001506
600938,2024-06-18,2026-02-28,0.00362,0.002656
600938,2024-06-19,2026-02-28,0.033115,-0.00475
600938,2024-06-20,2026-02-28,0.01682,-0.007217
600938,2024-06-21,2026-02-28,-0.001248,-0.002187
600938,2024-06-24,2026-02-28,0.014688,-0.005381
600938,2024-06-25,2026-02-28,-0.006468,-0.005438
600938,2024-06-26,2026-02-28,-0.008679,0.006467
600938,2024-06-27,2026-02-28,0.003127,-0.007513
600938,2024-06-28,2026-02-28,0.028678,0.002183
600938,2024-07-01,2026-02-28,0.031515,0.004774
600938,2024-07-02,2026-02-28,0.032315,-0.001839
600938,2024-07-03,2026-02-28,-0.009106,-0.002411
600938,2024-07-04,2026-02-28,0.007467,-0.005082
600938,2024-07-05,2026-02-28,-0.022805,-0.004281
600938,2024-07-08,2026-02-28,0.014294,-0.00854
600938,2024-07-09,2026-02-28,-0.005177,0.011186
600938,2024-07-10,2026-02-28,-0.020237,-0.003153
600938,2024-07-11,2026-02-28,-0.002656,0.011433
600938,2024-07-12,2026-02-28,-0.015977,0.00122
600938,2024-07-15,2026-02-28,0.01804,0.001108
600938,2024-07-16,2026-02-28,0.001477,0.006339
600938,2024-07-17,2026-02-28,-0.048953,0.000944
600938,2024-07-18,2026-02-28,0.022636,0.005525
600938,2024-07-19,2026-02-28,-0.038811,0.005136
600938,2024-07-22,2026-02-28,-0.029968,-0.006807
600938,2024-07-23,2026-02-28,-0.013333,-0.021351
600938,2024-07-24,2026-02-28,0.002307,-0.006312
600938,2024-07-25,2026-02-28,-0.048339,-0.005528
600938,2024-07-26,2026-02-28,-0.000346,0.002948
600938,2024-07-29,2026-02-28,0.023505,-0.005441
600938,2024-07-30,2026-02-28,-0.052009,-0.0063
600938,2024-07-31,2026-02-28,0.026719,0.021577
600938,2024-08-01,2026-02-28,0.019778,-0.006629
600938,2024-08-02,2026-02-28,-0.032324,-0.0102
600938,2024-08-05,2026-02-28,-0.055204,-0.012135
600938,2024-08-06,2026-02-28,0.003349,-0.000102
600938,2024-08-07,2026-02-28,0.019659,-0.000446
600938,2024-08-08,2026-02-28,0.002183,0.000433
600938,2024-08-09,2026-02-28,0.026134,-0.003383
600938,2024-08-12,2026-02-28,-0.003891,-0.001729
600938,2024-08-13,2026-02-28,0.010653,0.002563
600938,2024-08-14,2026-02-28,-0.001054,-0.007543
600938,2024-08-15,2026-02-28,0.004221,0.009886
600938,2024-08-16,2026-02-28,0.017863,0.001101
600938,2024-08-19,2026-02-28,-0.002065,0.003388
600938,2024-08-20,2026-02-28,-0.025517,-0.007228
600938,2024-08-21,2026-02-28,-0.004954,-0.003321
600938,2024-08-22,2026-02-28,-0.008535,-0.002559
600938,2024-08-23,2026-02-28,0.001793,0.004242
600938,2024-08-26,2026-02-28,0.022914,-0.000892
600938,2024-08-27,2026-02-28,0.028701,-0.005682
600938,2024-08-28,2026-02-28,0.007145,-0.005699
600938,2024-08-29,2026-02-28,-0.02027,-0.002682
600938,2024-08-30,2026-02-28,0.012414,0.013348
600938,2024-09-02,2026-02-28,-0.015668,-0.016987
600938,2024-09-03,2026-02-28,-0.020415,0.002578
600938,2024-09-04,2026-02-28,-0.055104,-0.006496
600938,2024-09-05,2026-02-28,-0.005607,0.00172
600938,2024-09-06,2026-02-28,-0.001504,-0.008107
600938,2024-09-09,2026-02-28,-0.036145,-0.011882
600938,2024-09-10,2026-02-28,0.008594,0.000878
600938,2024-09-11,2026-02-28,-0.020139,-0.003012
600938,2024-09-12,2026-02-28,0.00751,-0.004286
600938,2024-09-13,2026-02-28,0.027069,-0.00417
600938,2024-09-18,2026-02-28,0.004966,0.003723
600938,2024-09-19,2026-02-28,0.014443,0.007892
600938,2024-09-20,2026-02-28,0.002997,0.001569
600938,2024-09-23,2026-02-28,0.01158,0.003659
600938,2024-09-24,2026-02-28,0.032496,0.04331
600938,2024-09-25,2026-02-28,0.014664,0.014805
600938,2024-09-26,2026-02-28,-0.021149,0.042271
600938,2024-09-27,2026-02-28,0.0,0.044669
600938,2024-09-30,2026-02-28,0.082103,0.084826
600938,2024-10-08,2026-02-28,0.047255,0.059296
600938,2024-10-09,2026-02-28,-0.082618,-0.070513
600938,2024-10-10,2026-02-28,0.038795,0.010567
600938,2024-10-11,2026-02-28,0.002668,-0.027671
600938,2024-10-14,2026-02-28,0.003326,0.019082
600938,2024-10-15,2026-02-28,-0.039775,-0.026594
600938,2024-10-16,2026-02-28,0.003797,-0.006329
600938,2024-10-17,2026-02-28,-0.005158,-0.011318
600938,2024-10-18,2026-02-28,-0.016938,0.036168
600938,2024-10-21,2026-02-28,-0.004923,0.002538
600938,2024-10-22,2026-02-28,-0.00424,0.005738
600938,2024-10-23,2026-02-28,0.003549,0.003899
600938,2024-10-24,2026-02-28,-0.000707,-0.011169
600938,2024-10-25,2026-02-28,-0.013447,0.007022
600938,2024-10-28,2026-02-28,-0.017575,0.001955
600938,2024-10-29,2026-02-28,-0.010223,-0.009966
600938,2024-10-30,2026-02-28,-0.021763,-0.008969
600938,2024-10-31,2026-02-28,-0.004148,0.000409
600938,2024-11-01,2026-02-28,0.024233,-0.000262
600938,2024-11-04,2026-02-28,-0.01183,0.014072
600938,2024-11-05,2026-02-28,0.016835,0.025302
600938,2024-11-06,2026-02-28,-0.011773,-0.005017
600938,2024-11-07,2026-02-28,0.007074,0.03017
600938,2024-11-08,2026-02-28,-0.012939,-0.010046
600938,2024-11-11,2026-02-28,-0.010861,0.006599
600938,2024-11-12,2026-02-28,-0.011738,-0.010987
600938,2024-11-13,2026-02-28,0.01341,0.006155
600938,2024-11-14,2026-02-28,-0.011342,-0.017337
600938,2024-11-15,2026-02-28,-0.018738,-0.017523
600938,2024-11-18,2026-02-28,0.015199,-0.004649
600938,2024-11-19,2026-02-28,0.013436,0.006711
600938,2024-11-20,2026-02-28,0.004924,0.002233
600938,2024-11-21,2026-02-28,-0.003015,0.000884
600938,2024-11-22,2026-02-28,-0.009074,-0.030983
600938,2024-11-25,2026-02-28,0.011064,-0.004555
600938,2024-11-26,2026-02-28,-0.01434,-0.002055
600938,2024-11-27,2026-02-28,0.00268,0.017411
600938,2024-11-28,2026-02-28,-0.006491,-0.008829
600938,2024-11-29,2026-02-28,0.006149,0.01137
600938,2024-12-02,2026-02-28,0.00382,0.007928
600938,2024-12-03,2026-02-28,0.023592,0.001079
600938,2024-12-04,2026-02-28,0.021933,-0.005398
600938,2024-12-05,2026-02-28,-0.01637,-0.002282
600938,2024-12-06,2026-02-28,-0.001479,0.013146
600938,2024-12-09,2026-02-28,0.008889,-0.001654
600938,2024-12-10,2026-02-28,-0.007709,0.007328
600938,2024-12-11,2026-02-28,0.007399,-0.001703
600938,2024-12-12,2026-02-28,0.004774,0.009946
600938,2024-12-13,2026-02-28,-0.012061,-0.023662
600938,2024-12-16,2026-02-28,0.024787,-0.005425
600938,2024-12-17,2026-02-28,0.000361,0.002605
600938,2024-12-18,2026-02-28,0.000361,0.005063
600938,2024-12-19,2026-02-28,-0.005772,0.000907
600938,2024-12-20,2026-02-28,-0.005806,-0.004491
600938,2024-12-23,2026-02-28,0.038321,0.001484
600938,2024-12-24,2026-02-28,0.010545,0.012741
600938,2024-12-25,2026-02-28,0.010087,0.000487
600938,2024-12-26,2026-02-28,-0.007231,0.000464
600938,2024-12-27,2026-02-28,0.001734,-0.001617
600938,2024-12-30,2026-02-28,0.021468,0.004527
600938,2024-12-31,2026-02-28,0.000339,-0.01604
600938,2025-01-02,2026-02-28,-0.021349,-0.029103
600938,2025-01-03,2026-02-28,0.007271,-0.011839
600938,2025-01-06,2026-02-28,-0.015125,-0.001641
600938,2025-01-07,2026-02-28,0.003141,0.0072
600938,2025-01-08,2026-02-28,0.012874,-0.001815
600938,2025-01-09,2026-02-28,-0.018207,-0.002464
600938,2025-01-10,2026-02-28,-0.011547,-0.012539
600938,2025-01-13,2026-02-28,0.020531,-0.002671
600938,2025-01-14,2026-02-28,0.002775,0.026334
600938,2025-01-15,2026-02-28,-0.006572,-0.006416
600938,2025-01-16,2026-02-28,0.025418,0.001148
600938,2025-01-17,2026-02-28,-0.011205,0.003147
600938,2025-01-20,2026-02-28,-0.024382,0.004547
600938,2025-01-21,2026-02-28,-0.023583,0.000767
600938,2025-01-22,2026-02-28,-0.005047,-0.009288
600938,2025-01-23,2026-02-28,0.0,0.001772
600938,2025-01-24,2026-02-28,-0.013768,0.007656
600938,2025-01-27,2026-02-28,0.010654,-0.004118
600938,2025-02-05,2026-02-28,-0.017085,-0.005762
600938,2025-02-06,2026-02-28,0.001479,0.012581
600938,2025-02-07,2026-02-28,-0.002585,0.012978
600938,2025-02-10,2026-02-28,0.001481,0.002147
600938,2025-02-11,2026-02-28,0.016636,-0.004595
600938,2025-02-12,2026-02-28,-0.009091,0.009458
600938,2025-02-13,2026-02-28,-0.009174,-0.003756
600938,2025-02-14,2026-02-28,-0.003333,0.008673
600938,2025-02-17,2026-02-28,-0.013378,0.00213
600938,2025-02-18,2026-02-28,0.00452,-0.008769
600938,2025-02-19,2026-02-28,-0.007874,0.006997
600938,2025-02-20,2026-02-28,0.00189,-0.002859
600938,2025-02-21,2026-02-28,-0.005281,0.012611
600938,2025-02-24,2026-02-28,-0.025787,-0.002194
600938,2025-02-25,2026-02-28,-0.004282,-0.011101
600938,2025-02-26,2026-02-28,-0.005082,0.008735
600938,2025-02-27,2026-02-28,0.011395,0.002064
600938,2025-02-28,2026-02-28,0.004274,-0.019674
600938,2025-03-03,2026-02-28,-0.011605,-0.000405
600938,2025-03-04,2026-02-28,-0.029354,-0.000837
600938,2025-03-05,2026-02-28,-0.004032,0.004466
600938,2025-03-06,2026-02-28,0.006073,0.013751
600938,2025-03-07,2026-02-28,0.002012,-0.00309
600938,2025-03-10,2026-02-28,0.004819,-0.003857
600938,2025-03-11,2026-02-28,0.005596,0.003211
600938,2025-03-12,2026-02-28,0.005167,-0.003599
600938,2025-03-13,2026-02-28,0.013839,-0.003986
600938,2025-03-14,2026-02-28,0.0,0.024281
600938,2025-03-17,2026-02-28,0.00312,-0.002438
600938,2025-03-18,2026-02-28,-0.002333,0.002736
600938,2025-03-19,2026-02-28,0.002728,0.00061
600938,2025-03-20,2026-02-28,0.011271,-0.008772
600938,2025-03-21,2026-02-28,0.002306,-0.015169
600938,2025-03-24,2026-02-28,0.01227,0.005148
600938,2025-03-25,2026-02-28,0.004924,-0.000649
600938,2025-03-26,2026-02-28,-0.009046,-0.00329
600938,2025-03-27,2026-02-28,0.004184,0.003331
600938,2025-03-28,2026-02-28,-0.023106,-0.004386
600938,2025-03-31,2026-02-28,0.006979,-0.007116
600938,2025-04-01,2026-02-28,0.021178,9.7e-05
600938,2025-04-02,2026-02-28,-0.021116,-0.000848
600938,2025-04-03,2026-02-28,-0.010786,-0.005891
600938,2025-04-07,2026-02-28,-0.095405,-0.070455
600938,2025-04-08,2026-02-28,0.047783,0.017083
600938,2025-04-09,2026-02-28,-0.002876,0.009871
600938,2025-04-10,2026-02-28,0.007005,0.013107
600938,2025-04-11,2026-02-28,-0.008183,0.004124
600938,2025-04-14,2026-02-28,0.018977,0.0023
600938,2025-04-15,2026-02-28,0.002429,0.000557
600938,2025-04-16,2026-02-28,-0.000808,0.00308
600938,2025-04-17,2026-02-28,0.003234,-0.000159
600938,2025-04-18,2026-02-28,0.013296,8e-05
600938,2025-04-21,2026-02-28,-0.009145,0.003276
600938,2025-04-22,2026-02-28,0.002006,-0.000245
600938,2025-04-23,2026-02-28,0.006808,0.000774
600938,2025-04-24,2026-02-28,-0.001989,-0.000667
600938,2025-04-25,2026-02-28,0.007971,0.000697
600938,2025-04-28,2026-02-28,0.017398,-0.001419
600938,2025-04-29,2026-02-28,-0.024096,-0.00173
600938,2025-04-30,2026-02-28,-0.003584,-0.001194
600938,2025-05-06,2026-02-28,-0.004796,0.01007
600938,2025-05-07,2026-02-28,0.004819,0.006061
600938,2025-05-08,2026-02-28,-0.001199,0.005551
600938,2025-05-09,2026-02-28,-0.0004,-0.001749
600938,2025-05-12,2026-02-28,0.005604,0.011558
600938,2025-05-13,2026-02-28,0.001592,0.001452
600938,2025-05-14,2026-02-28,0.022258,0.012051
600938,2025-05-15,2026-02-28,-0.015163,-0.009133
600938,2025-05-16,2026-02-28,-0.009475,-0.004636
600938,2025-05-19,2026-02-28,0.0,-0.00307
600938,2025-05-20,2026-02-28,0.00558,0.005423
600938,2025-05-21,2026-02-28,0.017836,0.004671
600938,2025-05-22,2026-02-28,-0.001168,-0.000642
600938,2025-05-23,2026-02-28,0.0,-0.008072
600938,2025-05-26,2026-02-28,0.0,-0.00571
600938,2025-05-27,2026-02-28,-0.003899,-0.005365
600938,2025-05-28,2026-02-28,0.005088,-0.000823
600938,2025-05-29,2026-02-28,0.001168,0.005855
600938,2025-05-30,2026-02-28,0.003112,-0.004786
600938,2025-06-03,2026-02-28,0.005041,0.003068
600938,2025-06-04,2026-02-28,-0.000386,0.004343
600938,2025-06-05,2026-02-28,0.001544,0.002278
600938,2025-06-06,2026-02-28,0.008863,-0.000921
600938,2025-06-09,2026-02-28,0.011841,0.002907
600938,2025-06-10,2026-02-28,0.0,-0.005091
600938,2025-06-11,2026-02-28,0.00453,0.007544
600938,2025-06-12,2026-02-28,0.009019,-0.000623
600938,2025-06-13,2026-02-28,0.029795,-0.007198
600938,2025-06-16,2026-02-28,-0.01736,0.002488
600938,2025-06-17,2026-02-28,-0.007361,-0.000882
600938,2025-06-18,2026-02-28,0.002966,0.001186
600938,2025-06-19,2026-02-28,-0.004067,-0.008227
600938,2025-06-20,2026-02-28,-0.00928,0.000925
600938,2025-06-23,2026-02-28,0.001873,0.002927
600938,2025-06-24,2026-02-28,-0.022064,0.011958
600938,2025-06-25,2026-02-28,0.003059,0.014352
600938,2025-06-26,2026-02-28,0.005337,-0.003547
600938,2025-06-27,2026-02-28,-0.00948,-0.006148
600938,2025-06-30,2026-02-28,-0.000383,0.003652
600938,2025-07-01,2026-02-28,0.000766,0.001698
600938,2025-07-02,2026-02-28,0.006506,0.000234
600938,2025-07-03,2026-02-28,-0.00038,0.006183
600938,2025-07-04,2026-02-28,0.0,0.003562
600938,2025-07-07,2026-02-28,-0.011411,-0.004276
600938,2025-07-08,2026-02-28,0.002693,0.008393
600938,2025-07-09,2026-02-28,0.003837,-0.001764
600938,2025-07-10,2026-02-28,0.035933,0.004666
600938,2025-07-11,2026-02-28,-0.044281,0.001193
600938,2025-07-14,2026-02-28,0.005792,0.000713
600938,2025-07-15,2026-02-28,-0.009213,0.000347
600938,2025-07-16,2026-02-28,-0.000387,-0.002951
600938,2025-07-17,2026-02-28,-0.003876,0.00681
600938,2025-07-18,2026-02-28,0.005837,0.005963
600938,2025-07-21,2026-02-28,0.005803,0.006667
600938,2025-07-22,2026-02-28,0.005,0.008163
600938,2025-07-23,2026-02-28,-0.002679,0.000197
600938,2025-07-24,2026-02-28,-0.000384,0.007104
600938,2025-07-25,2026-02-28,0.000384,-0.005272
600938,2025-07-28,2026-02-28,-0.007675,0.002099
600938,2025-07-29,2026-02-28,0.010054,0.003917
600938,2025-07-30,2026-02-28,0.014165,-0.00019
600938,2025-07-31,2026-02-28,-0.012458,-0.018223
600938,2025-08-01,2026-02-28,-0.00841,-0.00507
600938,2025-08-04,2026-02-28,-0.005783,0.00389
600938,2025-08-05,2026-02-28,0.009306,0.008045
600938,2025-08-06,2026-02-28,-0.000768,0.002446
600938,2025-08-07,2026-02-28,0.005767,0.000287
600938,2025-08-08,2026-02-28,0.001911,-0.002357
600938,2025-08-11,2026-02-28,-0.013735,0.004274
600938,2025-08-12,2026-02-28,0.006963,0.00517
600938,2025-08-13,2026-02-28,-0.004994,0.007904
600938,2025-08-14,2026-02-28,-0.003861,-0.000782
600938,2025-08-15,2026-02-28,-0.003101,0.006959
600938,2025-08-18,2026-02-28,-0.005832,0.008819
600938,2025-08-19,2026-02-28,-0.002738,-0.003783
600938,2025-08-20,2026-02-28,0.003137,0.011371
600938,2025-08-21,2026-02-28,0.007428,0.003904
600938,2025-08-22,2026-02-28,-0.004269,0.020971
600938,2025-08-25,2026-02-28,0.01286,0.020837
600938,2025-08-26,2026-02-28,0.000385,-0.003721
600938,2025-08-27,2026-02-28,-0.020385,-0.014927
600938,2025-08-28,2026-02-28,0.011779,0.017705
600938,2025-08-29,2026-02-28,-0.003492,0.007388
600938,2025-09-01,2026-02-28,0.010125,0.005994
600938,2025-09-02,2026-02-28,0.016962,-0.007352
600938,2025-09-03,2026-02-28,-0.005307,-0.00682
600938,2025-09-04,2026-02-28,-0.022866,-0.021216
600938,2025-09-05,2026-02-28,0.0039,0.02179
600938,2025-09-08,2026-02-28,0.015929,0.001625
600938,2025-09-09,2026-02-28,-0.007648,-0.007009
600938,2025-09-10,2026-02-28,0.006551,0.002053
600938,2025-09-11,2026-02-28,0.003828,0.023096
600938,2025-09-12,2026-02-28,0.003051,-0.005725
600938,2025-09-15,2026-02-28,-0.001141,0.002445
600938,2025-09-16,2026-02-28,0.008755,-0.002144
600938,2025-09-17,2026-02-28,0.011698,0.006121
600938,2025-09-18,2026-02-28,-0.024245,-0.011627
600938,2025-09-19,2026-02-28,0.009174,0.000847
600938,2025-09-22,2026-02-28,-0.009091,0.004595
600938,2025-09-23,2026-02-28,-0.001911,-0.000626
600938,2025-09-24,2026-02-28,0.008426,0.010242
600938,2025-09-25,2026-02-28,0.010254,0.006005
600938,2025-09-26,2026-02-28,-0.003759,-0.009457
600938,2025-09-29,2026-02-28,-0.003774,0.015385
600938,2025-09-30,2026-02-28,-0.010227,0.004468
600938,2025-10-09,2026-02-28,0.013012,0.014823
600938,2025-10-10,2026-02-28,0.011334,-0.019673
600938,2025-10-13,2026-02-28,-0.01681,-0.00495
600938,2025-10-14,2026-02-28,0.007599,-0.011954
600938,2025-10-15,2026-02-28,-0.001131,0.01481
600938,2025-10-16,2026-02-28,-0.00302,0.002634
600938,2025-10-17,2026-02-28,-0.031049,-0.022559
600938,2025-10-20,2026-02-28,0.01993,0.005313
600938,2025-10-21,2026-02-28,0.004215,0.015348
600938,2025-10-22,2026-02-28,0.035101,-0.003321
600938,2025-10-23,2026-02-28,0.013269,0.002999
600938,2025-10-24,2026-02-28,-0.006548,0.011797
600938,2025-10-27,2026-02-28,0.015379,0.011873
600938,2025-10-28,2026-02-28,-0.020555,-0.005099
600938,2025-10-29,2026-02-28,-0.000368,0.011907
600938,2025-10-30,2026-02-28,-0.005157,-0.007988
600938,2025-10-31,2026-02-28,0.003702,-0.014702
600938,2025-11-03,2026-02-28,0.048322,0.002744
600938,2025-11-04,2026-02-28,-0.009852,-0.007458
600938,2025-11-05,2026-02-28,-0.012438,0.001853
600938,2025-11-06,2026-02-28,0.018352,0.014295
600938,2025-11-07,2026-02-28,0.0053,-0.003113
600938,2025-11-10,2026-02-28,0.020738,0.003475
600938,2025-11-11,2026-02-28,-0.006198,-0.009134
600938,2025-11-12,2026-02-28,0.025295,-0.001345
600938,2025-11-13,2026-02-28,-0.020953,0.012089
600938,2025-11-14,2026-02-28,0.001726,-0.015724
600938,2025-11-17,2026-02-28,-0.002068,-0.006501
600938,2025-11-18,2026-02-28,-0.013122,-0.006494
600938,2025-11-19,2026-02-28,0.03289,0.0044
600938,2025-11-20,2026-02-28,-0.01084,-0.005088
600938,2025-11-21,2026-02-28,-0.009932,-0.02439
600938,2025-11-24,2026-02-28,-0.031477,-0.001248
600938,2025-11-25,2026-02-28,0.005714,0.009523
600938,2025-11-26,2026-02-28,-0.012429,0.006062
600938,2025-11-27,2026-02-28,0.009709,-0.000492
600938,2025-11-28,2026-02-28,-0.010328,0.002493
600938,2025-12-01,2026-02-28,0.024829,0.011007
600938,2025-12-02,2026-02-28,0.009831,-0.00484
600938,2025-12-03,2026-02-28,-0.001391,-0.005113
600938,2025-12-04,2026-02-28,0.012535,0.003425
600938,2025-12-05,2026-02-28,-0.004814,0.008352
600938,2025-12-08,2026-02-28,-0.013822,0.008118
600938,2025-12-09,2026-02-28,-0.011212,-0.005092
600938,2025-12-10,2026-02-28,-0.000354,-0.001391
600938,2025-12-11,2026-02-28,0.0,-0.008633
600938,2025-12-12,2026-02-28,0.006735,0.006319
600938,2025-12-15,2026-02-28,-0.002817,-0.006307
600938,2025-12-16,2026-02-28,-0.012006,-0.011974
600938,2025-12-17,2026-02-28,0.00965,0.018303
600938,2025-12-18,2026-02-28,0.011327,-0.005913
600938,2025-12-19,2026-02-28,-0.027301,0.003379
600938,2025-12-22,2026-02-28,-0.005038,0.009511
600938,2025-12-23,2026-02-28,0.016637,0.001975
600938,2025-12-24,2026-02-28,0.0,0.002884
600938,2025-12-25,2026-02-28,0.000711,0.001829
600938,2025-12-26,2026-02-28,0.006399,0.003167
600938,2025-12-29,2026-02-28,0.022254,-0.003837
600938,2025-12-30,2026-02-28,0.03179,0.002567
600938,2025-12-31,2026-02-28,0.010717,-0.004588
600938,2026-01-05,2026-02-28,-0.037773,0.018965
600938,2026-01-06,2026-02-28,0.025826,0.015462
600938,2026-01-07,2026-02-28,-0.040282,-0.002928
600938,2026-01-08,2026-02-28,-0.006995,-0.008167
600938,2026-01-09,2026-02-28,0.012328,0.004489
600938,2026-01-12,2026-02-28,-0.004523,0.006513
600938,2026-01-13,2026-02-28,0.035652,-0.00603
600938,2026-01-14,2026-02-28,-0.002025,-0.004012
600938,2026-01-15,2026-02-28,0.015894,0.002003
600938,2026-01-16,2026-02-28,-0.023635,-0.004116
600938,2026-01-19,2026-02-28,0.003409,0.000546
600938,2026-01-20,2026-02-28,0.007136,-0.00329
600938,2026-01-21,2026-02-28,0.031039,0.000888
600938,2026-01-22,2026-02-28,0.04123,0.000136
600938,2026-01-23,2026-02-28,-0.013199,-0.004491
600938,2026-01-26,2026-02-28,0.066561,0.00095
600938,2026-01-27,2026-02-28,-0.007166,-0.00027
600938,2026-01-28,2026-02-28,0.069774,0.002614
600938,2026-01-29,2026-02-28,0.023897,0.007605
600938,2026-01-30,2026-02-28,-0.024712,-0.009998
600938,2026-02-02,2026-02-28,-0.056025,-0.021324
600938,2026-02-03,2026-02-28,0.007456,0.011751
600938,2026-02-04,2026-02-28,0.006809,0.008278
600938,2026-02-05,2026-02-28,-0.009703,-0.006015
600938,2026-02-06,2026-02-28,0.018409,-0.005743
600938,2026-02-09,2026-02-28,-0.006122,0.01625
600938,2026-02-10,2026-02-28,0.006747,0.00111
600938,2026-02-11,2026-02-28,0.01486,-0.002218
600938,2026-02-12,2026-02-28,0.020385,0.001222
600938,2026-02-13,2026-02-28,-0.032358,-0.012538
600938,2026-02-24,2026-02-28,0.082291,0.010115
600938,2026-02-25,2026-02-28,-0.0223,0.006021
600938,2026-02-26,2026-02-28,-0.025282,-0.001903
600938,2026-02-27,2026-02-28,0.011277,-0.003433
600938,2026-03-02,2026-02-28,0.100084,0.003826
600938,2026-03-03,2026-02-28,0.100101,-0.01539
600938,2026-03-04,2026-02-28,-0.0129,-0.011442
600938,2026-03-05,2026-02-28,-0.029172,0.009792
600938,2026-03-06,2026-02-28,-0.026683,0.002743
600938,2026-03-09,2026-02-28,0.070882,-0.009652
600938,2026-03-10,2026-02-28,-0.054889,0.012848
600938,2026-03-11,2026-02-28,0.019034,0.006362
600938,2026-03-12,2026-02-28,0.029693,-0.0036
600938,2026-03-13,2026-02-28,-0.023256,-0.00393
600938,2026-03-16,2026-02-28,-0.01881,0.000518
600938,2026-03-17,2026-02-28,-0.018199,-0.007304
600938,2026-03-18,2026-02-28,-0.013841,0.004505
600938,2026-03-19,2026-02-28,0.058647,-0.016118
600938,2026-03-20,2026-02-28,-0.007813,-0.003542
600938,2026-03-23,2026-02-28,0.004534,-0.03263
600938,2026-03-24,2026-02-28,-0.003563,0.01284
600938,2026-03-25,2026-02-28,-0.032658,0.014022
600938,2026-03-26,2026-02-28,0.008625,-0.013208
600938,2026-03-27,2026-02-28,0.00342,0.005591
600938,2026-03-30,2026-02-28,0.00073,-0.002359
600938,2026-03-31,2026-02-28,-0.026764,-0.009328
600938,2026-04-01,2026-02-28,-0.034,0.017083
600938,2026-04-02,2026-02-28,0.017857,-0.010418
600938,2026-04-03,2026-02-28,-0.003814,-0.008512
600938,2026-04-07,2026-02-28,0.014803,-3.9e-05
600938,2026-04-08,2026-02-28,-0.060111,0.034892
600938,2026-04-09,2026-02-28,0.025154,-0.006383
600938,2026-04-10,2026-02-28,-0.005482,0.015405
600938,2026-04-13,2026-02-28,0.000262,0.002068
600938,2026-04-14,2026-02-28,-0.010758,0.011866
600938,2026-04-15,2026-02-28,-0.021485,-0.003411
600938,2026-04-16,2026-02-28,0.001898,0.010962
601857,2023-01-03,2026-02-28,0.008048,0.004201
601857,2023-01-04,2026-02-28,-0.003992,0.001299
601857,2023-01-05,2026-02-28,-0.002004,0.019427
601857,2023-01-06,2026-02-28,-0.002008,0.003102
601857,2023-01-09,2026-02-28,0.002012,0.008096
601857,2023-01-10,2026-02-28,-0.004016,0.001085
601857,2023-01-11,2026-02-28,0.002016,-0.001853
601857,2023-01-12,2026-02-28,0.014085,0.001955
601857,2023-01-13,2026-02-28,0.009921,0.014064
601857,2023-01-16,2026-02-28,0.003929,0.015607
601857,2023-01-17,2026-02-28,-0.005871,-0.000174
601857,2023-01-18,2026-02-28,0.001969,-0.001675
601857,2023-01-19,2026-02-28,0.001965,0.006221
601857,2023-01-20,2026-02-28,0.017647,0.00614
601857,2023-01-30,2026-02-28,0.003854,0.004739
601857,2023-01-31,2026-02-28,-0.007678,-0.010589
601857,2023-02-01,2026-02-28,0.005803,0.0094
601857,2023-02-02,2026-02-28,-0.003846,-0.003523
601857,2023-02-03,2026-02-28,-0.001931,-0.009451
601857,2023-02-06,2026-02-28,-0.003868,-0.01322
601857,2023-02-07,2026-02-28,0.003883,0.0018
601857,2023-02-08,2026-02-28,-0.003868,-0.004419
601857,2023-02-09,2026-02-28,0.003883,0.013423
601857,2023-02-10,2026-02-28,-0.005803,-0.005942
601857,2023-02-13,2026-02-28,0.001946,0.009075
601857,2023-02-14,2026-02-28,0.003883,0.000414
601857,2023-02-15,2026-02-28,-0.003868,-0.005211
601857,2023-02-16,2026-02-28,0.0,-0.007324
601857,2023-02-17,2026-02-28,0.0,-0.014408
601857,2023-02-20,2026-02-28,0.017476,0.024534
601857,2023-02-21,2026-02-28,0.003817,0.002628
601857,2023-02-22,2026-02-28,-0.003802,-0.009025
601857,2023-02-23,2026-02-28,0.001908,-0.000805
601857,2023-02-24,2026-02-28,-0.00381,-0.010381
601857,2023-02-27,2026-02-28,-0.003824,-0.004236
601857,2023-02-28,2026-02-28,0.003839,0.006334
601857,2023-03-01,2026-02-28,0.00956,0.014125
601857,2023-03-02,2026-02-28,0.015152,-0.00223
601857,2023-03-03,2026-02-28,0.026119,0.003112
601857,2023-03-06,2026-02-28,0.001818,-0.005215
601857,2023-03-07,2026-02-28,0.023593,-0.014641
601857,2023-03-08,2026-02-28,-0.012411,-0.003642
601857,2023-03-09,2026-02-28,0.0,-0.003534
601857,2023-03-10,2026-02-28,-0.023339,-0.013114
601857,2023-03-13,2026-02-28,0.044118,0.010474
601857,2023-03-14,2026-02-28,-0.022887,-0.005985
601857,2023-03-15,2026-02-28,0.018018,0.000554
601857,2023-03-16,2026-02-28,-0.030088,-0.011977
601857,2023-03-17,2026-02-28,0.063869,0.004993
601857,2023-03-20,2026-02-28,-0.010292,-0.004987
601857,2023-03-21,2026-02-28,-0.015598,0.010993
601857,2023-03-22,2026-02-28,0.003521,0.004285
601857,2023-03-23,2026-02-28,0.012281,0.009913
601857,2023-03-24,2026-02-28,-0.02253,-0.002982
601857,2023-03-27,2026-02-28,-0.010638,-0.003618
601857,2023-03-28,2026-02-28,0.016129,-0.00323
601857,2023-03-29,2026-02-28,-0.010582,0.001657
601857,2023-03-30,2026-02-28,0.069519,0.008083
601857,2023-03-31,2026-02-28,-0.013333,0.00307
601857,2023-04-03,2026-02-28,0.013514,0.009786
601857,2023-04-04,2026-02-28,0.028333,0.003065
601857,2023-04-06,2026-02-28,0.001621,-0.001576
601857,2023-04-07,2026-02-28,-0.004854,0.006503
601857,2023-04-10,2026-02-28,0.050407,-0.004479
601857,2023-04-11,2026-02-28,0.01548,-0.001136
601857,2023-04-12,2026-02-28,0.041159,-0.000698
601857,2023-04-13,2026-02-28,-0.007321,-0.006909
601857,2023-04-14,2026-02-28,0.017699,0.005657
601857,2023-04-17,2026-02-28,0.063768,0.014024
601857,2023-04-18,2026-02-28,-0.006812,0.003048
601857,2023-04-19,2026-02-28,-0.013717,-0.009004
601857,2023-04-20,2026-02-28,0.018081,-0.002798
601857,2023-04-21,2026-02-28,-0.004098,-0.01956
601857,2023-04-24,2026-02-28,0.004115,-0.01238
601857,2023-04-25,2026-02-28,0.040984,-0.005016
601857,2023-04-26,2026-02-28,-0.010499,-0.000867
601857,2023-04-27,2026-02-28,-0.005305,0.007372
601857,2023-04-28,2026-02-28,0.052,0.010196
601857,2023-05-04,2026-02-28,0.015209,0.000288
601857,2023-05-05,2026-02-28,-0.004994,-0.003317
601857,2023-05-08,2026-02-28,0.076537,0.011398
601857,2023-05-09,2026-02-28,-0.05711,-0.008563
601857,2023-05-10,2026-02-28,-0.039555,-0.007698
601857,2023-05-11,2026-02-28,-0.018018,-0.001553
601857,2023-05-12,2026-02-28,-0.017038,-0.013256
601857,2023-05-15,2026-02-28,-0.004,0.015523
601857,2023-05-16,2026-02-28,0.006693,-0.005172
601857,2023-05-17,2026-02-28,-0.006649,-0.004535
601857,2023-05-18,2026-02-28,0.032129,-0.001034
601857,2023-05-19,2026-02-28,-0.023346,-0.002915
601857,2023-05-22,2026-02-28,-0.005312,0.006284
601857,2023-05-23,2026-02-28,-0.018692,-0.014143
601857,2023-05-24,2026-02-28,-0.017687,-0.013824
601857,2023-05-25,2026-02-28,-0.00831,-0.002227
601857,2023-05-26,2026-02-28,-0.006983,0.000117
601857,2023-05-29,2026-02-28,0.07173,-0.004417
601857,2023-05-30,2026-02-28,0.006562,0.000994
601857,2023-05-31,2026-02-28,-0.022164,-0.010217
601857,2023-06-01,2026-02-28,0.017333,0.002192
601857,2023-06-02,2026-02-28,0.002621,0.014439
601857,2023-06-05,2026-02-28,0.00915,-0.004554
601857,2023-06-06,2026-02-28,-0.007772,-0.009387
601857,2023-06-07,2026-02-28,0.0,-0.004942
601857,2023-06-08,2026-02-28,0.020888,0.00814
601857,2023-06-09,2026-02-28,0.005115,0.004323
601857,2023-06-12,2026-02-28,-0.010178,0.002014
601857,2023-06-13,2026-02-28,-0.021851,0.005326
601857,2023-06-14,2026-02-28,-0.001314,-0.000228
601857,2023-06-15,2026-02-28,-0.005263,0.015909
601857,2023-06-16,2026-02-28,0.002646,0.009643
601857,2023-06-19,2026-02-28,-0.007916,-0.008186
601857,2023-06-20,2026-02-28,-0.019947,-0.001697
601857,2023-06-21,2026-02-28,0.020353,-0.015342
601857,2023-06-26,2026-02-28,-0.007979,-0.014062
601857,2023-06-27,2026-02-28,0.036193,0.009381
601857,2023-06-28,2026-02-28,-0.02458,-0.001205
601857,2023-06-29,2026-02-28,-0.009284,-0.004935
601857,2023-06-30,2026-02-28,0.0,0.005392
601857,2023-07-03,2026-02-28,0.046854,0.013124
601857,2023-07-04,2026-02-28,-0.003836,0.001575
601857,2023-07-05,2026-02-28,0.0,-0.007748
601857,2023-07-06,2026-02-28,-0.005135,-0.006733
601857,2023-07-07,2026-02-28,-0.002581,-0.004438
601857,2023-07-10,2026-02-28,-0.012937,0.004869
601857,2023-07-11,2026-02-28,0.001311,0.006544
601857,2023-07-12,2026-02-28,0.018325,-0.006732
601857,2023-07-13,2026-02-28,0.059126,0.014306
601857,2023-07-14,2026-02-28,0.0,0.000174
601857,2023-07-17,2026-02-28,-0.01335,-0.008189
601857,2023-07-18,2026-02-28,-0.00861,-0.003164
601857,2023-07-19,2026-02-28,0.009926,-0.001057
601857,2023-07-20,2026-02-28,-0.014742,-0.007056
601857,2023-07-21,2026-02-28,-0.001247,-0.000467
601857,2023-07-24,2026-02-28,-0.006242,-0.004367
601857,2023-07-25,2026-02-28,0.008794,0.02888
601857,2023-07-26,2026-02-28,-0.021171,-0.002069
601857,2023-07-27,2026-02-28,0.001272,-0.001195
601857,2023-07-28,2026-02-28,0.012706,0.023164
601857,2023-07-31,2026-02-28,-0.006274,0.005483
601857,2023-08-01,2026-02-28,0.020202,-0.004142
601857,2023-08-02,2026-02-28,-0.055693,-0.00703
601857,2023-08-03,2026-02-28,-0.006553,0.008839
601857,2023-08-04,2026-02-28,0.005277,0.003894
601857,2023-08-07,2026-02-28,0.009186,-0.007568
601857,2023-08-08,2026-02-28,0.013004,-0.002612
601857,2023-08-09,2026-02-28,0.001284,-0.003057
601857,2023-08-10,2026-02-28,0.015385,0.002055
601857,2023-08-11,2026-02-28,-0.016414,-0.023005
601857,2023-08-14,2026-02-28,0.006418,-0.007298
601857,2023-08-15,2026-02-28,0.0,-0.00243
601857,2023-08-16,2026-02-28,-0.024235,-0.007332
601857,2023-08-17,2026-02-28,0.005229,0.003344
601857,2023-08-18,2026-02-28,-0.0013,-0.012293
601857,2023-08-21,2026-02-28,-0.015625,-0.014389
601857,2023-08-22,2026-02-28,0.022487,0.007688
601857,2023-08-23,2026-02-28,0.002587,-0.016389
601857,2023-08-24,2026-02-28,-0.011613,0.007248
601857,2023-08-25,2026-02-28,0.006527,-0.003834
601857,2023-08-28,2026-02-28,0.015564,0.011719
601857,2023-08-29,2026-02-28,-0.010217,0.00999
601857,2023-08-30,2026-02-28,0.00129,-0.000421
601857,2023-08-31,2026-02-28,-0.001289,-0.006135
601857,2023-09-01,2026-02-28,0.00129,0.006964
601857,2023-09-04,2026-02-28,0.024485,0.015155
601857,2023-09-05,2026-02-28,0.0,-0.00744
601857,2023-09-06,2026-02-28,0.016352,-0.00217
601857,2023-09-07,2026-02-28,0.019802,-0.014048
601857,2023-09-08,2026-02-28,-0.021845,-0.004917
601857,2023-09-11,2026-02-28,0.008685,0.007365
601857,2023-09-12,2026-02-28,-0.00369,-0.00184
601857,2023-09-13,2026-02-28,0.020988,-0.00637
601857,2023-09-14,2026-02-28,0.008464,-0.000841
601857,2023-09-15,2026-02-28,-0.005995,-0.006624
601857,2023-09-18,2026-02-28,-0.007238,0.005105
601857,2023-09-19,2026-02-28,0.010936,-0.001934
601857,2023-09-20,2026-02-28,-0.024039,-0.003981
601857,2023-09-21,2026-02-28,-0.01601,-0.008971
601857,2023-09-22,2026-02-28,0.015019,0.018105
601857,2023-09-25,2026-02-28,-0.013564,-0.006507
601857,2023-09-26,2026-02-28,-0.0025,-0.005845
601857,2023-09-27,2026-02-28,0.002506,0.002059
601857,2023-09-28,2026-02-28,-0.0025,-0.002967
601857,2023-10-09,2026-02-28,-0.008772,-0.001298
601857,2023-10-10,2026-02-28,-0.015171,-0.007491
601857,2023-10-11,2026-02-28,-0.016688,0.00285
601857,2023-10-12,2026-02-28,0.001305,0.009498
601857,2023-10-13,2026-02-28,0.0,-0.010526
601857,2023-10-16,2026-02-28,0.016949,-0.010049
601857,2023-10-17,2026-02-28,0.016667,0.003531
601857,2023-10-18,2026-02-28,0.006305,-0.00792
601857,2023-10-19,2026-02-28,-0.030075,-0.021335
601857,2023-10-20,2026-02-28,-0.00646,-0.006497
601857,2023-10-23,2026-02-28,-0.015605,-0.010353
601857,2023-10-24,2026-02-28,0.025099,0.003709
601857,2023-10-25,2026-02-28,-0.055412,0.004969
601857,2023-10-26,2026-02-28,0.016371,0.002764
601857,2023-10-27,2026-02-28,-0.004027,0.013727
601857,2023-10-30,2026-02-28,-0.039084,0.006004
601857,2023-10-31,2026-02-28,-0.001403,-0.003144
601857,2023-11-01,2026-02-28,0.005618,-0.000414
601857,2023-11-02,2026-02-28,0.01257,-0.004715
601857,2023-11-03,2026-02-28,0.011034,0.008426
601857,2023-11-06,2026-02-28,-0.032742,0.013524
601857,2023-11-07,2026-02-28,0.0,-0.003537
601857,2023-11-08,2026-02-28,-0.008463,-0.0024
601857,2023-11-09,2026-02-28,0.008535,0.000486
601857,2023-11-10,2026-02-28,-0.00141,-0.00729
601857,2023-11-13,2026-02-28,0.008475,-0.001973
601857,2023-11-14,2026-02-28,-0.005602,0.000739
601857,2023-11-15,2026-02-28,0.011268,0.007031
601857,2023-11-16,2026-02-28,-0.006964,-0.00967
601857,2023-11-17,2026-02-28,-0.012623,-0.001202
601857,2023-11-20,2026-02-28,0.008523,0.002313
601857,2023-11-21,2026-02-28,0.004225,0.001327
601857,2023-11-22,2026-02-28,-0.001403,-0.010235
601857,2023-11-23,2026-02-28,-0.001404,0.004826
601857,2023-11-24,2026-02-28,0.001406,-0.006601
601857,2023-11-27,2026-02-28,0.001404,-0.007368
601857,2023-11-28,2026-02-28,-0.008415,0.001874
601857,2023-11-29,2026-02-28,-0.001414,-0.008588
601857,2023-11-30,2026-02-28,0.016997,0.002264
601857,2023-12-01,2026-02-28,0.0,-0.00381
601857,2023-12-04,2026-02-28,0.002786,-0.00653
601857,2023-12-05,2026-02-28,-0.019444,-0.01904
601857,2023-12-06,2026-02-28,-0.035411,0.001574
601857,2023-12-07,2026-02-28,-0.004405,-0.002446
601857,2023-12-08,2026-02-28,0.013274,0.002412
601857,2023-12-11,2026-02-28,-0.001456,0.005881
601857,2023-12-12,2026-02-28,0.007289,0.002149
601857,2023-12-13,2026-02-28,-0.021708,-0.016691
601857,2023-12-14,2026-02-28,-0.001479,-0.005235
601857,2023-12-15,2026-02-28,-0.002963,-0.003106
601857,2023-12-18,2026-02-28,0.004458,-0.003647
601857,2023-12-19,2026-02-28,0.001479,0.001404
601857,2023-12-20,2026-02-28,0.0,-0.010959
601857,2023-12-21,2026-02-28,0.0,0.010119
601857,2023-12-22,2026-02-28,0.008863,0.001909
601857,2023-12-25,2026-02-28,0.013177,0.003063
601857,2023-12-26,2026-02-28,0.010116,-0.00677
601857,2023-12-27,2026-02-28,0.018598,0.003479
601857,2023-12-28,2026-02-28,-0.008427,0.023434
601857,2023-12-29,2026-02-28,0.0,0.004853
601857,2024-01-02,2026-02-28,0.011331,-0.013045
601857,2024-01-03,2026-02-28,0.019608,-0.002379
601857,2024-01-04,2026-02-28,0.020604,-0.009249
601857,2024-01-05,2026-02-28,0.008075,-0.00536
601857,2024-01-08,2026-02-28,-0.00267,-0.012933
601857,2024-01-09,2026-02-28,-0.001339,0.001961
601857,2024-01-10,2026-02-28,-0.006702,-0.004668
601857,2024-01-11,2026-02-28,-0.024291,0.005658
601857,2024-01-12,2026-02-28,0.0,-0.003491
601857,2024-01-15,2026-02-28,0.013831,-0.000989
601857,2024-01-16,2026-02-28,0.001364,0.006082
601857,2024-01-17,2026-02-28,-0.019074,-0.02175
601857,2024-01-18,2026-02-28,-0.001389,0.014136
601857,2024-01-19,2026-02-28,-0.006954,-0.001512
601857,2024-01-22,2026-02-28,-0.012605,-0.015559
601857,2024-01-23,2026-02-28,-0.005674,0.004048
601857,2024-01-24,2026-02-28,0.035663,0.013978
601857,2024-01-25,2026-02-28,0.100551,0.020082
601857,2024-01-26,2026-02-28,0.06383,-0.002722
601857,2024-01-29,2026-02-28,-0.011765,-0.008957
601857,2024-01-30,2026-02-28,0.0,-0.017833
601857,2024-01-31,2026-02-28,-0.004762,-0.009148
601857,2024-02-01,2026-02-28,-0.02512,0.000734
601857,2024-02-02,2026-02-28,-0.006135,-0.011835
601857,2024-02-05,2026-02-28,0.025926,0.00654
601857,2024-02-06,2026-02-28,-0.022864,0.034767
601857,2024-02-07,2026-02-28,0.023399,0.009644
601857,2024-02-08,2026-02-28,-0.00361,0.00637
601857,2024-02-19,2026-02-28,0.044686,0.011554
601857,2024-02-20,2026-02-28,-0.001156,0.00207
601857,2024-02-21,2026-02-28,0.008102,0.013491
601857,2024-02-22,2026-02-28,0.057405,0.008622
601857,2024-02-23,2026-02-28,-0.015201,0.00088
601857,2024-02-26,2026-02-28,-0.025358,-0.010426
601857,2024-02-27,2026-02-28,0.004525,0.011996
601857,2024-02-28,2026-02-28,-0.004505,-0.012741
601857,2024-02-29,2026-02-28,0.0,0.019078
601857,2024-03-01,2026-02-28,-0.006787,0.006178
601857,2024-03-04,2026-02-28,0.038724,0.000866
601857,2024-03-05,2026-02-28,-0.007675,0.00696
601857,2024-03-06,2026-02-28,-0.007735,-0.004057
601857,2024-03-07,2026-02-28,0.010022,-0.006006
601857,2024-03-08,2026-02-28,0.012128,0.004303
601857,2024-03-11,2026-02-28,-0.019608,0.012512
601857,2024-03-12,2026-02-28,-0.035556,0.002293
601857,2024-03-13,2026-02-28,0.001152,-0.006986
601857,2024-03-14,2026-02-28,0.011507,-0.002838
601857,2024-03-15,2026-02-28,0.006826,0.002181
601857,2024-03-18,2026-02-28,0.00113,0.009394
601857,2024-03-19,2026-02-28,0.004515,-0.007187
601857,2024-03-20,2026-02-28,0.026966,0.002167
601857,2024-03-21,2026-02-28,0.003282,-0.001198
601857,2024-03-22,2026-02-28,-0.009815,-0.010077
601857,2024-03-25,2026-02-28,0.022026,-0.005427
601857,2024-03-26,2026-02-28,-0.007543,0.005101
601857,2024-03-27,2026-02-28,-0.004343,-0.011558
601857,2024-03-28,2026-02-28,0.008724,0.00519
601857,2024-03-29,2026-02-28,0.068108,0.004692
601857,2024-04-01,2026-02-28,-0.01417,0.016442
601857,2024-04-02,2026-02-28,0.022587,-0.004164
601857,2024-04-03,2026-02-28,0.022088,-0.003595
601857,2024-04-08,2026-02-28,0.008841,-0.0088
601857,2024-04-09,2026-02-28,-0.014606,-0.000826
601857,2024-04-10,2026-02-28,0.014822,-0.008144
601857,2024-04-11,2026-02-28,-0.003895,-0.000132
601857,2024-04-12,2026-02-28,0.00391,-0.008106
601857,2024-04-15,2026-02-28,0.038948,0.02107
601857,2024-04-16,2026-02-28,0.021556,-0.010696
601857,2024-04-17,2026-02-28,0.002752,0.015462
601857,2024-04-18,2026-02-28,-0.028362,0.001234
601857,2024-04-19,2026-02-28,0.028249,-0.007883
601857,2024-04-22,2026-02-28,-0.026557,-0.003037
601857,2024-04-23,2026-02-28,-0.026341,-0.00699
601857,2024-04-24,2026-02-28,0.007729,0.004391
601857,2024-04-25,2026-02-28,0.010547,0.002459
601857,2024-04-26,2026-02-28,0.013283,0.015293
601857,2024-04-29,2026-02-28,-0.043071,0.01106
601857,2024-04-30,2026-02-28,0.004892,-0.005386
601857,2024-05-06,2026-02-28,-0.025316,0.014838
601857,2024-05-07,2026-02-28,0.010989,0.000309
601857,2024-05-08,2026-02-28,0.000988,-0.007867
601857,2024-05-09,2026-02-28,-0.005923,0.009459
601857,2024-05-10,2026-02-28,0.000993,0.000468
601857,2024-05-13,2026-02-28,-0.005952,-0.000433
601857,2024-05-14,2026-02-28,-0.008982,-0.002086
601857,2024-05-15,2026-02-28,-0.004028,-0.008474
601857,2024-05-16,2026-02-28,-0.006067,0.003945
601857,2024-05-17,2026-02-28,0.009156,0.010332
601857,2024-05-20,2026-02-28,0.029234,0.003532
601857,2024-05-21,2026-02-28,-0.007835,-0.00401
601857,2024-05-22,2026-02-28,-0.007897,0.002255
601857,2024-05-23,2026-02-28,-0.01393,-0.011578
601857,2024-05-24,2026-02-28,0.006054,-0.011071
601857,2024-05-27,2026-02-28,0.027081,0.009505
601857,2024-05-28,2026-02-28,0.014648,-0.007299
601857,2024-05-29,2026-02-28,0.009625,0.001205
601857,2024-05-30,2026-02-28,-0.027645,-0.005316
601857,2024-05-31,2026-02-28,-0.005882,-0.004003
601857,2024-06-03,2026-02-28,0.001972,0.002465
601857,2024-06-04,2026-02-28,-0.016732,0.007502
601857,2024-06-05,2026-02-28,-0.022022,-0.005774
601857,2024-06-06,2026-02-28,0.022518,-0.000709
601857,2024-06-07,2026-02-28,0.0,-0.005047
601857,2024-06-11,2026-02-28,-0.017017,-0.00874
601857,2024-06-12,2026-02-28,0.01833,0.000352
601857,2024-06-13,2026-02-28,-0.009,-0.005077
601857,2024-06-14,2026-02-28,-0.008073,0.004368
601857,2024-06-17,2026-02-28,-0.018311,-0.001506
601857,2024-06-18,2026-02-28,0.011399,0.002656
601857,2024-06-19,2026-02-28,0.01332,-0.00475
601857,2024-06-20,2026-02-28,0.017189,-0.007217
601857,2024-06-21,2026-02-28,-0.008946,-0.002187
601857,2024-06-24,2026-02-28,0.006018,-0.005381
601857,2024-06-25,2026-02-28,0.001994,-0.005438
601857,2024-06-26,2026-02-28,-0.034826,0.006467
601857,2024-06-27,2026-02-28,-0.001031,-0.007513
601857,2024-06-28,2026-02-28,0.065015,0.002183
601857,2024-07-01,2026-02-28,0.010659,0.004774
601857,2024-07-02,2026-02-28,0.022052,-0.001839
601857,2024-07-03,2026-02-28,-0.008443,-0.002411
601857,2024-07-04,2026-02-28,0.006623,-0.005082
601857,2024-07-05,2026-02-28,-0.009398,-0.004281
601857,2024-07-08,2026-02-28,0.012334,-0.00854
601857,2024-07-09,2026-02-28,-0.002812,0.011186
601857,2024-07-10,2026-02-28,-0.029135,-0.003153
601857,2024-07-11,2026-02-28,0.012585,0.011433
601857,2024-07-12,2026-02-28,-0.012428,0.00122
601857,2024-07-15,2026-02-28,0.013553,0.001108
601857,2024-07-16,2026-02-28,0.00382,0.006339
601857,2024-07-17,2026-02-28,-0.039962,0.000944
601857,2024-07-18,2026-02-28,0.010902,0.005525
601857,2024-07-19,2026-02-28,-0.022549,0.005136
601857,2024-07-22,2026-02-28,-0.034102,-0.006807
601857,2024-07-23,2026-02-28,-0.012461,-0.021351
601857,2024-07-24,2026-02-28,0.005258,-0.006312
601857,2024-07-25,2026-02-28,-0.041841,-0.005528
601857,2024-07-26,2026-02-28,-0.00655,0.002948
601857,2024-07-29,2026-02-28,0.004396,-0.005441
601857,2024-07-30,2026-02-28,-0.039387,-0.0063
601857,2024-07-31,2026-02-28,0.02164,0.021577
601857,2024-08-01,2026-02-28,0.006689,-0.006629
601857,2024-08-02,2026-02-28,-0.018826,-0.0102
601857,2024-08-05,2026-02-28,-0.049661,-0.012135
601857,2024-08-06,2026-02-28,0.008314,-0.000102
601857,2024-08-07,2026-02-28,0.011779,-0.000446
601857,2024-08-08,2026-02-28,-0.004657,0.000433
601857,2024-08-09,2026-02-28,0.022222,-0.003383
601857,2024-08-12,2026-02-28,-0.003432,-0.001729
601857,2024-08-13,2026-02-28,0.009185,0.002563
601857,2024-08-14,2026-02-28,-0.001138,-0.007543
601857,2024-08-15,2026-02-28,0.009112,0.009886
601857,2024-08-16,2026-02-28,0.01693,0.001101
601857,2024-08-19,2026-02-28,0.006659,0.003388
601857,2024-08-20,2026-02-28,-0.019846,-0.007228
601857,2024-08-21,2026-02-28,0.004499,-0.003321
601857,2024-08-22,2026-02-28,-0.003359,-0.002559
601857,2024-08-23,2026-02-28,0.003371,0.004242
601857,2024-08-26,2026-02-28,0.013438,-0.000892
601857,2024-08-27,2026-02-28,0.029834,-0.005682
601857,2024-08-28,2026-02-28,-0.015021,-0.005699
601857,2024-08-29,2026-02-28,-0.030501,-0.002682
601857,2024-08-30,2026-02-28,0.003371,0.013348
601857,2024-09-02,2026-02-28,0.008959,-0.016987
601857,2024-09-03,2026-02-28,-0.033296,0.002578
601857,2024-09-04,2026-02-28,-0.052813,-0.006496
601857,2024-09-05,2026-02-28,-0.014545,0.00172
601857,2024-09-06,2026-02-28,-0.01107,-0.008107
601857,2024-09-09,2026-02-28,-0.027363,-0.011882
601857,2024-09-10,2026-02-28,0.01023,0.000878
601857,2024-09-11,2026-02-28,-0.018987,-0.003012
601857,2024-09-12,2026-02-28,0.011613,-0.004286
601857,2024-09-13,2026-02-28,0.007653,-0.00417
601857,2024-09-18,2026-02-28,0.020253,0.003723
601857,2024-09-19,2026-02-28,-0.026055,0.007892
601857,2024-09-20,2026-02-28,0.007643,0.001569
601857,2024-09-23,2026-02-28,0.012642,0.003659
601857,2024-09-24,2026-02-28,0.043695,0.04331
601857,2024-09-25,2026-02-28,0.004785,0.014805
601857,2024-09-26,2026-02-28,-0.00119,0.042271
601857,2024-09-27,2026-02-28,-0.001192,0.044669
601857,2024-09-30,2026-02-28,0.076372,0.084826
601857,2024-10-08,2026-02-28,0.035477,0.059296
601857,2024-10-09,2026-02-28,-0.095289,-0.070513
601857,2024-10-10,2026-02-28,0.03432,0.010567
601857,2024-10-11,2026-02-28,-0.004577,-0.027671
601857,2024-10-14,2026-02-28,0.005747,0.019082
601857,2024-10-15,2026-02-28,-0.036571,-0.026594
601857,2024-10-16,2026-02-28,-0.001186,-0.006329
601857,2024-10-17,2026-02-28,-0.008314,-0.011318
601857,2024-10-18,2026-02-28,0.022754,0.036168
601857,2024-10-21,2026-02-28,-0.009368,0.002538
601857,2024-10-22,2026-02-28,0.0,0.005738
601857,2024-10-23,2026-02-28,0.002364,0.003899
601857,2024-10-24,2026-02-28,-0.003538,-0.011169
601857,2024-10-25,2026-02-28,-0.007101,0.007022
601857,2024-10-28,2026-02-28,-0.002384,0.001955
601857,2024-10-29,2026-02-28,-0.020311,-0.009966
601857,2024-10-30,2026-02-28,-0.010976,-0.008969
601857,2024-10-31,2026-02-28,-0.001233,0.000409
601857,2024-11-01,2026-02-28,0.024691,-0.000262
601857,2024-11-04,2026-02-28,-0.012048,0.014072
601857,2024-11-05,2026-02-28,0.009756,0.025302
601857,2024-11-06,2026-02-28,-0.002415,-0.005017
601857,2024-11-07,2026-02-28,0.010896,0.03017
601857,2024-11-08,2026-02-28,-0.011976,-0.010046
601857,2024-11-11,2026-02-28,-0.019394,0.006599
601857,2024-11-12,2026-02-28,-0.011125,-0.010987
601857,2024-11-13,2026-02-28,0.00875,0.006155
601857,2024-11-14,2026-02-28,-0.004957,-0.017337
601857,2024-11-15,2026-02-28,0.0,-0.017523
601857,2024-11-18,2026-02-28,0.014944,-0.004649
601857,2024-11-19,2026-02-28,-0.002454,0.006711
601857,2024-11-20,2026-02-28,0.0,0.002233
601857,2024-11-21,2026-02-28,-0.00246,0.000884
601857,2024-11-22,2026-02-28,-0.01233,-0.030983
601857,2024-11-25,2026-02-28,0.002497,-0.004555
601857,2024-11-26,2026-02-28,-0.001245,-0.002055
601857,2024-11-27,2026-02-28,0.001247,0.017411
601857,2024-11-28,2026-02-28,0.0,-0.008829
601857,2024-11-29,2026-02-28,0.001245,0.01137
601857,2024-12-02,2026-02-28,-0.002488,0.007928
601857,2024-12-03,2026-02-28,0.009975,0.001079
601857,2024-12-04,2026-02-28,0.041975,-0.005398
601857,2024-12-05,2026-02-28,-0.017773,-0.002282
601857,2024-12-06,2026-02-28,0.003619,0.013146
601857,2024-12-09,2026-02-28,0.013221,-0.001654
601857,2024-12-10,2026-02-28,-0.008304,0.007328
601857,2024-12-11,2026-02-28,0.010766,-0.001703
601857,2024-12-12,2026-02-28,0.0,0.009946
601857,2024-12-13,2026-02-28,-0.020118,-0.023662
601857,2024-12-16,2026-02-28,0.020531,-0.005425
601857,2024-12-17,2026-02-28,0.00355,0.002605
601857,2024-12-18,2026-02-28,0.003538,0.005063
601857,2024-12-19,2026-02-28,-0.010576,0.000907
601857,2024-12-20,2026-02-28,-0.009501,-0.004491
601857,2024-12-23,2026-02-28,0.028777,0.001484
601857,2024-12-24,2026-02-28,0.02331,0.012741
601857,2024-12-25,2026-02-28,0.027335,0.000487
601857,2024-12-26,2026-02-28,-0.005543,0.000464
601857,2024-12-27,2026-02-28,-0.005574,-0.001617
601857,2024-12-30,2026-02-28,0.008969,0.004527
601857,2024-12-31,2026-02-28,-0.006667,-0.01604
601857,2025-01-02,2026-02-28,-0.019016,-0.029103
601857,2025-01-03,2026-02-28,0.009122,-0.011839
601857,2025-01-06,2026-02-28,0.00678,-0.001641
601857,2025-01-07,2026-02-28,-0.007856,0.0072
601857,2025-01-08,2026-02-28,0.023756,-0.001815
601857,2025-01-09,2026-02-28,-0.025414,-0.002464
601857,2025-01-10,2026-02-28,-0.007937,-0.012539
601857,2025-01-13,2026-02-28,0.013714,-0.002671
601857,2025-01-14,2026-02-28,0.003382,0.026334
601857,2025-01-15,2026-02-28,-0.004494,-0.006416
601857,2025-01-16,2026-02-28,0.015801,0.001148
601857,2025-01-17,2026-02-28,-0.018889,0.003147
601857,2025-01-20,2026-02-28,-0.029445,0.004547
601857,2025-01-21,2026-02-28,-0.014002,0.000767
601857,2025-01-22,2026-02-28,-0.026036,-0.009288
601857,2025-01-23,2026-02-28,0.003645,0.001772
601857,2025-01-24,2026-02-28,-0.004843,0.007656
601857,2025-01-27,2026-02-28,0.013382,-0.004118
601857,2025-02-05,2026-02-28,-0.021609,-0.005762
601857,2025-02-06,2026-02-28,0.006135,0.012581
601857,2025-02-07,2026-02-28,0.007317,0.012978
601857,2025-02-10,2026-02-28,-0.003632,0.002147
601857,2025-02-11,2026-02-28,0.00729,-0.004595
601857,2025-02-12,2026-02-28,-0.001206,0.009458
601857,2025-02-13,2026-02-28,-0.006039,-0.003756
601857,2025-02-14,2026-02-28,-0.014581,0.008673
601857,2025-02-17,2026-02-28,-0.006165,0.00213
601857,2025-02-18,2026-02-28,0.001241,-0.008769
601857,2025-02-19,2026-02-28,-0.011152,0.006997
601857,2025-02-20,2026-02-28,0.003759,-0.002859
601857,2025-02-21,2026-02-28,-0.002497,0.012611
601857,2025-02-24,2026-02-28,-0.011264,-0.002194
601857,2025-02-25,2026-02-28,-0.011392,-0.011101
601857,2025-02-26,2026-02-28,-0.002561,0.008735
601857,2025-02-27,2026-02-28,0.011553,0.002064
601857,2025-02-28,2026-02-28,-0.002538,-0.019674
601857,2025-03-03,2026-02-28,-0.003817,-0.000405
601857,2025-03-04,2026-02-28,-0.02682,-0.000837
601857,2025-03-05,2026-02-28,0.003937,0.004466
601857,2025-03-06,2026-02-28,0.0,0.013751
601857,2025-03-07,2026-02-28,0.005229,-0.00309
601857,2025-03-10,2026-02-28,-0.003901,-0.003857
601857,2025-03-11,2026-02-28,0.005222,0.003211
601857,2025-03-12,2026-02-28,-0.003896,-0.003599
601857,2025-03-13,2026-02-28,0.019557,-0.003986
601857,2025-03-14,2026-02-28,0.002558,0.024281
601857,2025-03-17,2026-02-28,0.010204,-0.002438
601857,2025-03-18,2026-02-28,-0.002525,0.002736
601857,2025-03-19,2026-02-28,-0.002532,0.00061
601857,2025-03-20,2026-02-28,0.008883,-0.008772
601857,2025-03-21,2026-02-28,0.001258,-0.015169
601857,2025-03-24,2026-02-28,0.003769,0.005148
601857,2025-03-25,2026-02-28,0.011264,-0.000649
601857,2025-03-26,2026-02-28,0.003713,-0.00329
601857,2025-03-27,2026-02-28,0.008631,0.003331
601857,2025-03-28,2026-02-28,-0.012225,-0.004386
601857,2025-03-31,2026-02-28,0.017327,-0.007116
601857,2025-04-01,2026-02-28,0.00365,9.7e-05
601857,2025-04-02,2026-02-28,-0.009697,-0.000848
601857,2025-04-03,2026-02-28,-0.003672,-0.005891
601857,2025-04-07,2026-02-28,-0.09828,-0.070455
601857,2025-04-08,2026-02-28,0.049046,0.017083
601857,2025-04-09,2026-02-28,-0.020779,0.009871
601857,2025-04-10,2026-02-28,0.005305,0.013107
601857,2025-04-11,2026-02-28,-0.002639,0.004124
601857,2025-04-14,2026-02-28,0.017196,0.0023
601857,2025-04-15,2026-02-28,0.007802,0.000557
601857,2025-04-16,2026-02-28,0.029677,0.00308
601857,2025-04-17,2026-02-28,0.001253,-0.000159
601857,2025-04-18,2026-02-28,0.0,8e-05
601857,2025-04-21,2026-02-28,-0.006258,0.003276
601857,2025-04-22,2026-02-28,0.008816,-0.000245
601857,2025-04-23,2026-02-28,-0.001248,0.000774
601857,2025-04-24,2026-02-28,0.0,-0.000667
601857,2025-04-25,2026-02-28,-0.005,0.000697
601857,2025-04-28,2026-02-28,0.007538,-0.001419
601857,2025-04-29,2026-02-28,-0.009975,-0.00173
601857,2025-04-30,2026-02-28,0.006297,-0.001194
601857,2025-05-06,2026-02-28,-0.003755,0.01007
601857,2025-05-07,2026-02-28,0.017588,0.006061
601857,2025-05-08,2026-02-28,-0.006173,0.005551
601857,2025-05-09,2026-02-28,0.006211,-0.001749
601857,2025-05-12,2026-02-28,0.004938,0.011558
601857,2025-05-13,2026-02-28,0.007371,0.001452
601857,2025-05-14,2026-02-28,0.015854,0.012051
601857,2025-05-15,2026-02-28,-0.006002,-0.009133
601857,2025-05-16,2026-02-28,-0.0157,-0.004636
601857,2025-05-19,2026-02-28,0.003681,-0.00307
601857,2025-05-20,2026-02-28,0.002445,0.005423
601857,2025-05-21,2026-02-28,0.008537,0.004671
601857,2025-05-22,2026-02-28,0.003628,-0.000642
601857,2025-05-23,2026-02-28,-0.014458,-0.008072
601857,2025-05-26,2026-02-28,0.001222,-0.00571
601857,2025-05-27,2026-02-28,-0.002442,-0.005365
601857,2025-05-28,2026-02-28,0.020808,-0.000823
601857,2025-05-29,2026-02-28,-0.003597,0.005855
601857,2025-05-30,2026-02-28,-0.002407,-0.004786
601857,2025-06-03,2026-02-28,0.001206,0.003068
601857,2025-06-04,2026-02-28,0.010843,0.004343
601857,2025-06-05,2026-02-28,0.0,0.002278
601857,2025-06-06,2026-02-28,0.014303,-0.000921
601857,2025-06-09,2026-02-28,0.014101,0.002907
601857,2025-06-10,2026-02-28,0.010429,-0.005091
601857,2025-06-11,2026-02-28,0.014908,0.007544
601857,2025-06-12,2026-02-28,0.00339,-0.000623
601857,2025-06-13,2026-02-28,0.012387,-0.007198
601857,2025-06-16,2026-02-28,0.003337,0.002488
601857,2025-06-17,2026-02-28,0.017738,-0.000882
601857,2025-06-18,2026-02-28,0.0,0.001186
601857,2025-06-19,2026-02-28,0.007625,-0.008227
601857,2025-06-20,2026-02-28,-0.00973,0.000925
601857,2025-06-23,2026-02-28,-0.007642,0.002927
601857,2025-06-24,2026-02-28,-0.014301,0.011958
601857,2025-06-25,2026-02-28,-0.030134,0.014352
601857,2025-06-26,2026-02-28,0.005754,-0.003547
601857,2025-06-27,2026-02-28,-0.01373,-0.006148
601857,2025-06-30,2026-02-28,-0.008121,0.003652
601857,2025-07-01,2026-02-28,0.010526,0.001698
601857,2025-07-02,2026-02-28,-0.00463,0.000234
601857,2025-07-03,2026-02-28,-0.005814,0.006183
601857,2025-07-04,2026-02-28,0.005848,0.003562
601857,2025-07-07,2026-02-28,-0.00814,-0.004276
601857,2025-07-08,2026-02-28,0.004689,0.008393
601857,2025-07-09,2026-02-28,0.001167,-0.001764
601857,2025-07-10,2026-02-28,0.009324,0.004666
601857,2025-07-11,2026-02-28,-0.001155,0.001193
601857,2025-07-14,2026-02-28,0.02659,0.000713
601857,2025-07-15,2026-02-28,0.005631,0.000347
601857,2025-07-16,2026-02-28,0.005599,-0.002951
601857,2025-07-17,2026-02-28,-0.007795,0.00681
601857,2025-07-18,2026-02-28,0.0,0.005963
601857,2025-07-21,2026-02-28,0.002245,0.006667
601857,2025-07-22,2026-02-28,0.008959,0.008163
601857,2025-07-23,2026-02-28,-0.007769,0.000197
601857,2025-07-24,2026-02-28,-0.016779,0.007104
601857,2025-07-25,2026-02-28,-0.013652,-0.005272
601857,2025-07-28,2026-02-28,-0.012687,0.002099
601857,2025-07-29,2026-02-28,0.018692,0.003917
601857,2025-07-30,2026-02-28,0.018349,-0.00019
601857,2025-07-31,2026-02-28,-0.001126,-0.018223
601857,2025-08-01,2026-02-28,-0.040586,-0.00507
601857,2025-08-04,2026-02-28,-0.0047,0.00389
601857,2025-08-05,2026-02-28,0.014168,0.008045
601857,2025-08-06,2026-02-28,0.005821,0.002446
601857,2025-08-07,2026-02-28,0.00463,0.000287
601857,2025-08-08,2026-02-28,0.010369,-0.002357
601857,2025-08-11,2026-02-28,-0.020525,0.004274
601857,2025-08-12,2026-02-28,0.020955,0.00517
601857,2025-08-13,2026-02-28,-0.006842,0.007904
601857,2025-08-14,2026-02-28,-0.006889,-0.000782
601857,2025-08-15,2026-02-28,-0.002312,0.006959
601857,2025-08-18,2026-02-28,-0.005794,0.008819
601857,2025-08-19,2026-02-28,-0.006993,-0.003783
601857,2025-08-20,2026-02-28,0.011737,0.011371
601857,2025-08-21,2026-02-28,0.015081,0.003904
601857,2025-08-22,2026-02-28,-0.006857,0.020971
601857,2025-08-25,2026-02-28,0.009206,0.020837
601857,2025-08-26,2026-02-28,0.0,-0.003721
601857,2025-08-27,2026-02-28,-0.015964,-0.014927
601857,2025-08-28,2026-02-28,0.001159,0.017705
601857,2025-08-29,2026-02-28,0.009259,0.007388
601857,2025-09-01,2026-02-28,-0.001147,0.005994
601857,2025-09-02,2026-02-28,0.04248,-0.007352
601857,2025-09-03,2026-02-28,0.002203,-0.00682
601857,2025-09-04,2026-02-28,-0.012088,-0.021216
601857,2025-09-05,2026-02-28,-0.010011,0.02179
601857,2025-09-08,2026-02-28,-0.001124,0.001625
601857,2025-09-09,2026-02-28,-0.011249,-0.007009
601857,2025-09-10,2026-02-28,-0.003413,0.002053
601857,2025-09-11,2026-02-28,-0.003425,0.023096
601857,2025-09-12,2026-02-28,-0.004582,-0.005725
601857,2025-09-15,2026-02-28,0.009206,0.002445
601857,2025-09-16,2026-02-28,-0.014823,-0.002144
601857,2025-09-17,2026-02-28,-0.020834,0.006121
601857,2025-09-18,2026-02-28,-0.029551,-0.011627
601857,2025-09-19,2026-02-28,-0.007308,0.000847
601857,2025-09-22,2026-02-28,-0.006135,0.004595
601857,2025-09-23,2026-02-28,0.004938,-0.000626
601857,2025-09-24,2026-02-28,-0.001229,0.010242
601857,2025-09-25,2026-02-28,0.00123,0.006005
601857,2025-09-26,2026-02-28,0.002457,-0.009457
601857,2025-09-29,2026-02-28,0.001225,0.015385
601857,2025-09-30,2026-02-28,-0.013464,0.004468
601857,2025-10-09,2026-02-28,0.027295,0.014823
601857,2025-10-10,2026-02-28,0.0,-0.019673
601857,2025-10-13,2026-02-28,-0.006039,-0.00495
601857,2025-10-14,2026-02-28,0.012151,-0.011954
601857,2025-10-15,2026-02-28,-0.004802,0.01481
601857,2025-10-16,2026-02-28,0.016888,0.002634
601857,2025-10-17,2026-02-28,-0.002372,-0.022559
601857,2025-10-20,2026-02-28,0.02497,0.005313
601857,2025-10-21,2026-02-28,0.016241,0.015348
601857,2025-10-22,2026-02-28,0.015982,-0.003321
601857,2025-10-23,2026-02-28,0.031461,0.002999
601857,2025-10-24,2026-02-28,-0.013072,0.011797
601857,2025-10-27,2026-02-28,0.012141,0.011873
601857,2025-10-28,2026-02-28,-0.005453,-0.005099
601857,2025-10-29,2026-02-28,-0.003289,0.011907
601857,2025-10-30,2026-02-28,0.0011,-0.007988
601857,2025-10-31,2026-02-28,0.005495,-0.014702
601857,2025-11-03,2026-02-28,0.044809,0.002744
601857,2025-11-04,2026-02-28,0.001046,-0.007458
601857,2025-11-05,2026-02-28,-0.00418,0.001853
601857,2025-11-06,2026-02-28,0.006296,0.014295
601857,2025-11-07,2026-02-28,0.012513,-0.003113
601857,2025-11-10,2026-02-28,0.016478,0.003475
601857,2025-11-11,2026-02-28,-0.010132,-0.009134
601857,2025-11-12,2026-02-28,0.0174,-0.001345
601857,2025-11-13,2026-02-28,-0.002012,0.012089
601857,2025-11-14,2026-02-28,-0.010081,-0.015724
601857,2025-11-17,2026-02-28,0.005092,-0.006501
601857,2025-11-18,2026-02-28,0.0,-0.006494
601857,2025-11-19,2026-02-28,0.040527,0.0044
601857,2025-11-20,2026-02-28,-0.014606,-0.005088
601857,2025-11-21,2026-02-28,-0.008893,-0.02439
601857,2025-11-24,2026-02-28,-0.024925,-0.001248
601857,2025-11-25,2026-02-28,0.002045,0.009523
601857,2025-11-26,2026-02-28,-0.008163,0.006062
601857,2025-11-27,2026-02-28,0.013374,-0.000492
601857,2025-11-28,2026-02-28,-0.010152,0.002493
601857,2025-12-01,2026-02-28,0.021538,0.011007
601857,2025-12-02,2026-02-28,0.004016,-0.00484
601857,2025-12-03,2026-02-28,-0.007,-0.005113
601857,2025-12-04,2026-02-28,0.008056,0.003425
601857,2025-12-05,2026-02-28,-0.010989,0.008352
601857,2025-12-08,2026-02-28,-0.005051,0.008118
601857,2025-12-09,2026-02-28,-0.013198,-0.005092
601857,2025-12-10,2026-02-28,-0.012346,-0.001391
601857,2025-12-11,2026-02-28,0.00625,-0.008633
601857,2025-12-12,2026-02-28,-0.013458,0.006319
601857,2025-12-15,2026-02-28,-0.003148,-0.006307
601857,2025-12-16,2026-02-28,0.006316,-0.011974
601857,2025-12-17,2026-02-28,-0.00523,0.018303
601857,2025-12-18,2026-02-28,0.02103,-0.005913
601857,2025-12-19,2026-02-28,-0.006179,0.003379
601857,2025-12-22,2026-02-28,0.007254,0.009511
601857,2025-12-23,2026-02-28,0.01749,0.001975
601857,2025-12-24,2026-02-28,-0.004044,0.002884
601857,2025-12-25,2026-02-28,-0.00203,0.001829
601857,2025-12-26,2026-02-28,0.002035,0.003167
601857,2025-12-29,2026-02-28,0.02132,-0.003837
601857,2025-12-30,2026-02-28,0.018887,0.002567
601857,2025-12-31,2026-02-28,0.01561,-0.004588
601857,2026-01-05,2026-02-28,-0.032661,0.018965
601857,2026-01-06,2026-02-28,0.019861,0.015462
601857,2026-01-07,2026-02-28,-0.036027,-0.002928
601857,2026-01-08,2026-02-28,-0.010101,-0.008167
601857,2026-01-09,2026-02-28,0.007143,0.004489
601857,2026-01-12,2026-02-28,-0.001013,0.006513
601857,2026-01-13,2026-02-28,0.022312,-0.00603
601857,2026-01-14,2026-02-28,-0.022817,-0.004012
601857,2026-01-15,2026-02-28,0.012183,0.002003
601857,2026-01-16,2026-02-28,-0.017051,-0.004116
601857,2026-01-19,2026-02-28,0.002041,0.000546
601857,2026-01-20,2026-02-28,0.010183,-0.00329
601857,2026-01-21,2026-02-28,0.008065,0.000888
601857,2026-01-22,2026-02-28,0.015,0.000136
601857,2026-01-23,2026-02-28,-0.031527,-0.004491
601857,2026-01-26,2026-02-28,0.056968,0.00095
601857,2026-01-27,2026-02-28,0.004812,-0.00027
601857,2026-01-28,2026-02-28,0.031609,0.002614
601857,2026-01-29,2026-02-28,0.011142,0.007605
601857,2026-01-30,2026-02-28,0.011938,-0.009998
601857,2026-02-02,2026-02-28,-0.030853,-0.021324
601857,2026-02-03,2026-02-28,-0.019663,0.011751
601857,2026-02-04,2026-02-28,0.008596,0.008278
601857,2026-02-05,2026-02-28,-0.002841,-0.006015
601857,2026-02-06,2026-02-28,0.022792,-0.005743
601857,2026-02-09,2026-02-28,-0.001857,0.01625
601857,2026-02-10,2026-02-28,0.00093,0.00111
601857,2026-02-11,2026-02-28,0.008364,-0.002218
601857,2026-02-12,2026-02-28,0.017512,0.001222
601857,2026-02-13,2026-02-28,-0.04529,-0.012538
601857,2026-02-24,2026-02-28,0.052182,0.010115
601857,2026-02-25,2026-02-28,-0.009017,0.006021
601857,2026-02-26,2026-02-28,-0.009099,-0.001903
601857,2026-02-27,2026-02-28,-0.002755,-0.003433
601857,2026-03-02,2026-02-28,0.100368,0.003826
601857,2026-03-03,2026-02-28,0.100418,-0.01539
601857,2026-03-04,2026-02-28,0.006844,-0.011442
601857,2026-03-05,2026-02-28,-0.041541,0.009792
601857,2026-03-06,2026-02-28,-0.030733,0.002743
601857,2026-03-09,2026-02-28,0.050407,-0.009652
601857,2026-03-10,2026-02-28,-0.071981,0.012848
601857,2026-03-11,2026-02-28,0.011676,0.006362
601857,2026-03-12,2026-02-28,0.008244,-0.0036
601857,2026-03-13,2026-02-28,-0.014718,-0.00393
601857,2026-03-16,2026-02-28,-0.004979,0.000518
601857,2026-03-17,2026-02-28,0.002502,-0.007304
601857,2026-03-18,2026-02-28,-0.013311,0.004505
601857,2026-03-19,2026-02-28,0.052277,-0.016118
601857,2026-03-20,2026-02-28,-0.019231,-0.003542
601857,2026-03-23,2026-02-28,0.00817,-0.03263
601857,2026-03-24,2026-02-28,-0.028363,0.01284
601857,2026-03-25,2026-02-28,-0.024187,0.014022
601857,2026-03-26,2026-02-28,0.020513,-0.013208
601857,2026-03-27,2026-02-28,0.010888,0.005591
601857,2026-03-30,2026-02-28,0.030655,-0.002359
601857,2026-03-31,2026-02-28,-0.020096,-0.009328
601857,2026-04-01,2026-02-28,-0.009844,0.017083
601857,2026-04-02,2026-02-28,0.023198,-0.010418
601857,2026-04-03,2026-02-28,-0.001619,-0.008512
601857,2026-04-07,2026-02-28,0.018654,-3.9e-05
601857,2026-04-08,2026-02-28,-0.046178,0.034892
601857,2026-04-09,2026-02-28,0.010017,-0.006383
601857,2026-04-10,2026-02-28,-0.009091,0.015405
601857,2026-04-13,2026-02-28,0.00834,0.002068
601857,2026-04-14,2026-02-28,-0.013234,0.011866
601857,2026-04-15,2026-02-28,-0.01425,-0.003411
601857,2026-04-16,2026-02-28,-0.009354,0.010962
